Text30,Text40,Text8,Text37,Text49,Text38,Text33,Text31,Text13,Text24,Text43,Text35,Text34,Text36
07/14/2025,,,,,,,,,,,,,
00:00 - 00:59 am,0,,0.00,0.00,,0.00,0,0.00,,0.00,0,0,0.00
01:00 - 01:59 am,0,,0.00,0.00,,0.00,0,0.00,,0.00,0,0,0.00
02:00 - 02:59 am,0,,0.00,0.00,,0.00,0,0.00,,0.00,0,0,0.00
03:00 - 03:59 am,0,,0.00,0.00,,0.00,0,0.00,,0.00,0,0,0.00
04:00 - 04:59 am,0,,0.00,0.00,,0.00,0,0.00,,0.00,0,0,0.00
05:00 - 05:59 am,0,,0.00,0.00,,0.00,0,0.00,,0.00,0,0,0.00
06:00 - 06:59 am,1,,0.00,0.00,,0.00,0,0.00,,0.00,0,0,0.00
07:00 - 07:59 am,32,,0.00,0.00,,0.00,13,0.00,,0.00,41,0,0.00
08:00 - 08:59 am,35,,0.00,0.00,,0.00,13,0.00,,0.00,37,0,0.00
09:00 - 09:59 am,53,,51.00,0.96,,51.00,12,0.00,,0.00,23,0,0.00
10:00 - 10:59 am,54,,92.00,1.70,,92.00,7,0.00,,0.00,13,0,0.00
11:00 - 11:59 am,47,,115.00,2.45,,115.00,16,0.00,,0.00,34,0,0.00
12:00 - 12:59 pm,54,,88.00,1.63,,88.00,26,0.00,,0.00,48,0,0.00
01:00 - 01:59 pm,50,,112.00,2.24,,112.00,24,0.00,,0.00,48,0,0.00
02:00 - 02:59 pm,40,,68.00,1.70,,68.00,20,0.00,,0.00,50,0,0.00
03:00 - 03:59 pm,41,,21.00,0.51,,21.00,13,0.00,,0.00,32,0,0.00
04:00 - 04:59 pm,41,,31.00,0.76,,31.00,19,0.00,,0.00,46,0,0.00
05:00 - 05:59 pm,37,,46.00,1.24,,46.00,13,0.00,,0.00,35,0,0.00
06:00 - 06:59 pm,29,,33.00,1.14,,33.00,18,0.00,,0.00,62,0,0.00
07:00 - 07:59 pm,27,,0.00,0.00,,0.00,7,0.00,,0.00,26,0,0.00
08:00 - 08:59 pm,18,,28.00,1.56,,28.00,4,0.00,,0.00,22,0,0.00
09:00 - 09:59 pm,0,,0.00,0.00,,0.00,0,0.00,,0.00,0,0,0.00
10:00 - 10:59 pm,0,,0.00,0.00,,0.00,0,0.00,,0.00,0,0,0.00
11:00 - 11:59 pm,0,,0.00,0.00,,0.00,0,0.00,,0.00,0,0,0.00
07/15/2025,,,,,,,,,,,,,
00:00 - 00:59 am,0,,0.00,0.00,,0.00,0,0.00,,0.00,0,0,0.00
01:00 - 01:59 am,0,,0.00,0.00,,0.00,0,0.00,,0.00,0,0,0.00
02:00 - 02:59 am,0,,0.00,0.00,,0.00,0,0.00,,0.00,0,0,0.00
03:00 - 03:59 am,0,,0.00,0.00,,0.00,0,0.00,,0.00,0,0,0.00
04:00 - 04:59 am,0,,0.00,0.00,,0.00,0,0.00,,0.00,0,0,0.00
05:00 - 05:59 am,0,,"6,219.61",0.00,,"6,219.61",0,0.00,,0.00,0,0,0.00
06:00 - 06:59 am,1,,0.00,0.00,,0.00,0,0.00,,0.00,0,0,0.00
07:00 - 07:59 am,14,,11.00,0.79,,11.00,10,0.00,,0.00,71,0,0.00
08:00 - 08:59 am,33,,40.00,1.21,,40.00,13,0.00,,0.00,39,0,0.00
09:00 - 09:59 am,34,,44.00,1.29,,44.00,14,0.00,,0.00,41,0,0.00
10:00 - 10:59 am,33,,10.00,0.30,,10.00,20,0.00,,0.00,61,0,0.00
11:00 - 11:59 am,31,,83.00,2.68,,83.00,9,0.00,,0.00,29,0,0.00
12:00 - 12:59 pm,32,,86.99,2.72,,86.99,8,0.00,,0.00,25,0,0.00
01:00 - 01:59 pm,45,,167.99,3.73,,167.99,18,0.00,,0.00,40,0,0.00
02:00 - 02:59 pm,27,,19.99,0.74,,19.99,10,0.00,,0.00,37,0,0.00
03:00 - 03:59 pm,40,,61.00,1.53,,61.00,22,0.00,,0.00,55,0,0.00
04:00 - 04:59 pm,33,,60.00,1.82,,60.00,9,0.00,,0.00,27,0,0.00
05:00 - 05:59 pm,45,,10.00,0.22,,10.00,10,0.00,,0.00,22,0,0.00
06:00 - 06:59 pm,30,,11.00,0.37,,11.00,11,0.00,,0.00,37,0,0.00
07:00 - 07:59 pm,18,,78.99,4.39,,78.99,9,0.00,,0.00,50,0,0.00
08:00 - 08:59 pm,11,,55.00,5.00,,55.00,3,0.00,,0.00,27,0,0.00
09:00 - 09:59 pm,0,,0.00,0.00,,0.00,0,0.00,,0.00,0,0,0.00
10:00 - 10:59 pm,0,,0.00,0.00,,0.00,0,0.00,,0.00,0,0,0.00
11:00 - 11:59 pm,0,,0.00,0.00,,0.00,0,0.00,,0.00,0,0,0.00
07/16/2025,,,,,,,,,,,,,
00:00 - 00:59 am,0,,0.00,0.00,,0.00,0,0.00,,0.00,0,0,0.00
01:00 - 01:59 am,0,,0.00,0.00,,0.00,0,0.00,,0.00,0,0,0.00
02:00 - 02:59 am,0,,0.00,0.00,,0.00,0,0.00,,0.00,0,0,0.00
03:00 - 03:59 am,0,,0.00,0.00,,0.00,0,0.00,,0.00,0,0,0.00
04:00 - 04:59 am,0,,"3,790.37",0.00,,"3,790.37",0,0.00,,0.00,0,0,0.00
05:00 - 05:59 am,0,,0.00,0.00,,0.00,0,0.00,,0.00,0,0,0.00
06:00 - 06:59 am,0,,0.00,0.00,,0.00,0,0.00,,0.00,0,0,0.00
07:00 - 07:59 am,29,,20.00,0.69,,20.00,13,0.00,,0.00,45,0,0.00
08:00 - 08:59 am,26,,28.00,1.08,,28.00,14,0.00,,0.00,54,0,0.00
09:00 - 09:59 am,50,,10.00,0.20,,10.00,18,0.00,,0.00,36,0,0.00
10:00 - 10:59 am,50,,123.00,2.46,,123.00,19,0.00,,0.00,38,0,0.00
11:00 - 11:59 am,44,,42.00,0.95,,42.00,24,0.00,,0.00,55,0,0.00
12:00 - 12:59 pm,26,,42.00,1.62,,42.00,9,0.00,,0.00,35,0,0.00
01:00 - 01:59 pm,50,,58.99,1.18,,58.99,24,0.00,,0.00,48,0,0.00
02:00 - 02:59 pm,37,,50.00,1.35,,50.00,15,0.00,,0.00,41,0,0.00
03:00 - 03:59 pm,46,,83.00,1.80,,83.00,12,0.00,,0.00,26,0,0.00
04:00 - 04:59 pm,45,,85.00,1.89,,85.00,10,0.00,,0.00,22,0,0.00
05:00 - 05:59 pm,56,,118.00,2.11,,118.00,33,0.00,,0.00,59,0,0.00
06:00 - 06:59 pm,47,,110.00,2.34,,110.00,18,0.00,,0.00,38,0,0.00
07:00 - 07:59 pm,52,,55.00,1.06,,55.00,30,0.00,,0.00,58,0,0.00
08:00 - 08:59 pm,21,,40.00,1.90,,40.00,7,0.00,,0.00,33,0,0.00
09:00 - 09:59 pm,1,,5.38,5.38,,0.00,0,0.00,,0.00,0,2,5.38
10:00 - 10:59 pm,0,,0.00,0.00,,0.00,0,0.00,,0.00,0,0,0.00
11:00 - 11:59 pm,0,,0.00,0.00,,0.00,0,0.00,,0.00,0,0,0.00
07/17/2025,,,,,,,,,,,,,
00:00 - 00:59 am,0,,0.00,0.00,,0.00,0,0.00,,0.00,0,0,0.00
01:00 - 01:59 am,0,,0.00,0.00,,0.00,0,0.00,,0.00,0,0,0.00
02:00 - 02:59 am,0,,0.00,0.00,,0.00,0,0.00,,0.00,0,0,0.00
03:00 - 03:59 am,0,,0.00,0.00,,0.00,0,0.00,,0.00,0,0,0.00
04:00 - 04:59 am,0,,"3,650.78",0.00,,"3,650.78",0,0.00,,0.00,0,0,0.00
05:00 - 05:59 am,0,,0.00,0.00,,0.00,0,0.00,,0.00,0,0,0.00
06:00 - 06:59 am,0,,0.00,0.00,,0.00,0,0.00,,0.00,0,0,0.00
07:00 - 07:59 am,32,,0.00,0.00,,0.00,7,0.00,,0.00,22,0,0.00
08:00 - 08:59 am,46,,28.00,0.61,,28.00,20,0.00,,0.00,43,0,0.00
09:00 - 09:59 am,41,,62.00,1.51,,62.00,15,0.00,,0.00,37,0,0.00
10:00 - 10:59 am,45,,20.00,0.44,,20.00,20,0.00,,0.00,44,0,0.00
11:00 - 11:59 am,50,,56.00,1.12,,56.00,17,0.00,,0.00,34,0,0.00
12:00 - 12:59 pm,45,,109.00,2.42,,109.00,22,0.00,,0.00,49,0,0.00
01:00 - 01:59 pm,47,,61.00,1.30,,61.00,24,0.00,,0.00,51,0,0.00
02:00 - 02:59 pm,30,,59.98,2.00,,59.98,13,0.00,,0.00,43,0,0.00
03:00 - 03:59 pm,45,,141.75,3.15,,140.00,21,0.00,,0.00,47,1,1.75
04:00 - 04:59 pm,40,,28.00,0.70,,28.00,16,0.00,,0.00,40,0,0.00
05:00 - 05:59 pm,33,,208.99,6.33,,208.99,18,0.00,,0.00,55,0,0.00
06:00 - 06:59 pm,31,,21.00,0.68,,21.00,20,0.00,,0.00,65,0,0.00
07:00 - 07:59 pm,25,,85.00,3.40,,85.00,9,0.00,,0.00,36,0,0.00
08:00 - 08:59 pm,11,,0.00,0.00,,0.00,3,0.00,,0.00,27,0,0.00
09:00 - 09:59 pm,0,,0.00,0.00,,0.00,0,0.00,,0.00,0,0,0.00
10:00 - 10:59 pm,0,,0.00,0.00,,0.00,0,0.00,,0.00,0,0,0.00
11:00 - 11:59 pm,0,,0.00,0.00,,0.00,0,0.00,,0.00,0,0,0.00
07/18/2025,,,,,,,,,,,,,
00:00 - 00:59 am,0,,0.00,0.00,,0.00,0,0.00,,0.00,0,0,0.00
01:00 - 01:59 am,0,,0.00,0.00,,0.00,0,0.00,,0.00,0,0,0.00
02:00 - 02:59 am,0,,0.00,0.00,,0.00,0,0.00,,0.00,0,0,0.00
03:00 - 03:59 am,0,,0.00,0.00,,0.00,0,0.00,,0.00,0,0,0.00
04:00 - 04:59 am,0,,"2,340.11",0.00,,"2,340.11",0,0.00,,0.00,0,0,0.00
05:00 - 05:59 am,0,,0.00,0.00,,0.00,0,0.00,,0.00,0,0,0.00
06:00 - 06:59 am,3,,0.00,0.00,,0.00,1,0.00,,0.00,33,0,0.00
07:00 - 07:59 am,23,,11.00,0.48,,11.00,17,0.00,,0.00,74,0,0.00
08:00 - 08:59 am,31,,29.99,0.97,,29.99,10,0.00,,0.00,32,0,0.00
09:00 - 09:59 am,25,,10.00,0.40,,10.00,18,0.00,,0.00,72,0,0.00
10:00 - 10:59 am,50,,118.00,2.36,,118.00,19,0.00,,0.00,38,0,0.00
11:00 - 11:59 am,43,,137.00,3.19,,137.00,24,0.00,,0.00,56,0,0.00
12:00 - 12:59 pm,48,,39.00,0.81,,39.00,23,0.00,,0.00,48,0,0.00
01:00 - 01:59 pm,60,,147.19,2.45,,147.19,28,0.00,,0.00,47,0,0.00
02:00 - 02:59 pm,46,,138.20,3.00,,138.20,19,0.00,,0.00,41,0,0.00
03:00 - 03:59 pm,59,,130.99,2.22,,130.99,22,0.00,,0.00,37,0,0.00
04:00 - 04:59 pm,46,,83.00,1.80,,83.00,17,0.00,,0.00,37,0,0.00
05:00 - 05:59 pm,49,,129.00,2.63,,129.00,21,0.00,,0.00,43,0,0.00
06:00 - 06:59 pm,51,,79.00,1.55,,79.00,17,0.00,,0.00,33,0,0.00
07:00 - 07:59 pm,11,,10.00,0.91,,10.00,8,0.00,,0.00,73,0,0.00
08:00 - 08:59 pm,15,,17.00,1.13,,17.00,7,0.00,,0.00,47,0,0.00
09:00 - 09:59 pm,0,,0.00,0.00,,0.00,0,0.00,,0.00,0,0,0.00
10:00 - 10:59 pm,0,,0.00,0.00,,0.00,0,0.00,,0.00,0,0,0.00
11:00 - 11:59 pm,0,,0.00,0.00,,0.00,0,0.00,,0.00,0,0,0.00
07/19/2025,,,,,,,,,,,,,
00:00 - 00:59 am,0,,0.00,0.00,,0.00,0,0.00,,0.00,0,0,0.00
01:00 - 01:59 am,0,,0.00,0.00,,0.00,0,0.00,,0.00,0,0,0.00
02:00 - 02:59 am,0,,0.00,0.00,,0.00,0,0.00,,0.00,0,0,0.00
03:00 - 03:59 am,0,,0.00,0.00,,0.00,0,0.00,,0.00,0,0,0.00
04:00 - 04:59 am,0,,"3,542.26",0.00,,"3,542.26",0,0.00,,0.00,0,0,0.00
05:00 - 05:59 am,0,,0.00,0.00,,0.00,0,0.00,,0.00,0,0,0.00
06:00 - 06:59 am,1,,0.00,0.00,,0.00,0,0.00,,0.00,0,0,0.00
07:00 - 07:59 am,22,,11.00,0.50,,11.00,10,0.00,,0.00,45,0,0.00
08:00 - 08:59 am,22,,52.00,2.36,,52.00,6,0.00,,0.00,27,0,0.00
09:00 - 09:59 am,29,,46.25,1.59,,45.00,3,0.00,,0.00,10,1,1.25
10:00 - 10:59 am,56,,184.98,3.30,,184.98,19,0.00,,0.00,34,0,0.00
11:00 - 11:59 am,75,,177.99,2.37,,177.99,4,0.00,,0.00,5,0,0.00
12:00 - 12:59 pm,74,,163.99,2.22,,163.99,1,0.00,,0.00,1,0,0.00
01:00 - 01:59 pm,91,,293.69,3.23,,291.00,2,0.00,,0.00,2,1,2.69
02:00 - 02:59 pm,83,,275.99,3.33,,275.99,2,0.00,,0.00,2,0,0.00
03:00 - 03:59 pm,63,,170.20,2.70,,170.20,59,0.00,,0.00,94,0,0.00
04:00 - 04:59 pm,57,,181.00,3.18,,181.00,68,0.00,,0.00,119,0,0.00
05:00 - 05:59 pm,78,,208.00,2.67,,208.00,30,0.00,,0.00,38,0,0.00
06:00 - 06:59 pm,53,,202.99,3.83,,202.99,19,0.00,,0.00,36,0,0.00
07:00 - 07:59 pm,42,,75.00,1.79,,75.00,13,0.00,,0.00,31,0,0.00
08:00 - 08:59 pm,23,,68.99,3.00,,68.99,6,0.00,,0.00,26,0,0.00
09:00 - 09:59 pm,0,,0.00,0.00,,0.00,0,0.00,,0.00,0,0,0.00
10:00 - 10:59 pm,0,,0.00,0.00,,0.00,0,0.00,,0.00,0,0,0.00
11:00 - 11:59 pm,0,,0.00,0.00,,0.00,0,0.00,,0.00,0,0,0.00
07/20/2025,,,,,,,,,,,,,
00:00 - 00:59 am,0,,0.00,0.00,,0.00,0,0.00,,0.00,0,0,0.00
01:00 - 01:59 am,0,,0.00,0.00,,0.00,0,0.00,,0.00,0,0,0.00
02:00 - 02:59 am,0,,0.00,0.00,,0.00,0,0.00,,0.00,0,0,0.00
03:00 - 03:59 am,0,,0.00,0.00,,0.00,0,0.00,,0.00,0,0,0.00
04:00 - 04:59 am,0,,"3,104.67",0.00,,"3,104.67",0,0.00,,0.00,0,0,0.00
05:00 - 05:59 am,0,,0.00,0.00,,0.00,0,0.00,,0.00,0,0,0.00
06:00 - 06:59 am,0,,0.00,0.00,,0.00,0,0.00,,0.00,0,0,0.00
07:00 - 07:59 am,0,,0.00,0.00,,0.00,0,0.00,,0.00,0,0,0.00
08:00 - 08:59 am,0,,0.00,0.00,,0.00,0,0.00,,0.00,0,0,0.00
09:00 - 09:59 am,0,,0.00,0.00,,0.00,0,0.00,,0.00,0,0,0.00
10:00 - 10:59 am,0,,0.00,0.00,,0.00,0,0.00,,0.00,0,0,0.00
11:00 - 11:59 am,0,,0.00,0.00,,0.00,0,0.00,,0.00,0,0,0.00
12:00 - 12:59 pm,0,,0.00,0.00,,0.00,0,0.00,,0.00,0,0,0.00
01:00 - 01:59 pm,0,,0.00,0.00,,0.00,0,0.00,,0.00,0,0,0.00
02:00 - 02:59 pm,0,,0.00,0.00,,0.00,0,0.00,,0.00,0,0,0.00
03:00 - 03:59 pm,0,,0.00,0.00,,0.00,0,0.00,,0.00,0,0,0.00
04:00 - 04:59 pm,0,,0.00,0.00,,0.00,0,0.00,,0.00,0,0,0.00
05:00 - 05:59 pm,0,,0.00,0.00,,0.00,0,0.00,,0.00,0,0,0.00
06:00 - 06:59 pm,0,,0.00,0.00,,0.00,0,0.00,,0.00,0,0,0.00
07:00 - 07:59 pm,0,,0.00,0.00,,0.00,0,0.00,,0.00,0,0,0.00
08:00 - 08:59 pm,0,,0.00,0.00,,0.00,0,0.00,,0.00,0,0,0.00
09:00 - 09:59 pm,0,,0.00,0.00,,0.00,0,0.00,,0.00,0,0,0.00
10:00 - 10:59 pm,0,,0.00,0.00,,0.00,0,0.00,,0.00,0,0,0.00
11:00 - 11:59 pm,0,,0.00,0.00,,0.00,0,0.00,,0.00,0,0,0.00
07/21/2025,,,,,,,,,,,,,
00:00 - 00:59 am,0,,0.00,0.00,,0.00,0,0.00,,0.00,0,0,0.00
01:00 - 01:59 am,0,,0.00,0.00,,0.00,0,0.00,,0.00,0,0,0.00
02:00 - 02:59 am,0,,0.00,0.00,,0.00,0,0.00,,0.00,0,0,0.00
03:00 - 03:59 am,0,,0.00,0.00,,0.00,0,0.00,,0.00,0,0,0.00
04:00 - 04:59 am,0,,"3,089.87",0.00,,"3,089.87",0,0.00,,0.00,0,0,0.00
05:00 - 05:59 am,0,,0.00,0.00,,0.00,0,0.00,,0.00,0,0,0.00
06:00 - 06:59 am,4,,0.00,0.00,,0.00,3,0.00,,0.00,75,0,0.00
07:00 - 07:59 am,26,,34.00,1.31,,34.00,12,0.00,,0.00,46,0,0.00
08:00 - 08:59 am,38,,32.00,0.84,,32.00,6,0.00,,0.00,16,0,0.00
09:00 - 09:59 am,58,,45.00,0.78,,45.00,0,0.00,,0.00,0,0,0.00
10:00 - 10:59 am,60,,105.00,1.75,,105.00,27,0.00,,0.00,45,0,0.00
11:00 - 11:59 am,63,,119.75,1.90,,109.00,15,10.00,,0.16,24,1,0.75
12:00 - 12:59 pm,57,,146.99,2.58,,100.00,25,46.99,,0.82,44,0,0.00
01:00 - 01:59 pm,40,,83.25,2.08,,81.00,19,0.00,,0.00,48,2,2.25
02:00 - 02:59 pm,38,,37.00,0.97,,37.00,11,0.00,,0.00,29,0,0.00
03:00 - 03:59 pm,56,,166.69,2.98,,164.00,24,0.00,,0.00,43,1,2.69
04:00 - 04:59 pm,49,,104.99,2.14,,68.00,25,36.99,,0.75,51,0,0.00
05:00 - 05:59 pm,49,,157.97,3.22,,120.98,16,36.99,,0.75,33,0,0.00
06:00 - 06:59 pm,27,,93.97,3.48,,93.97,13,0.00,,0.00,48,0,0.00
07:00 - 07:59 pm,15,,19.69,1.31,,17.00,6,0.00,,0.00,40,1,2.69
08:00 - 08:59 pm,15,,0.00,0.00,,0.00,7,0.00,,0.00,47,0,0.00
09:00 - 09:59 pm,0,,0.00,0.00,,0.00,0,0.00,,0.00,0,0,0.00
10:00 - 10:59 pm,0,,0.00,0.00,,0.00,0,0.00,,0.00,0,0,0.00
11:00 - 11:59 pm,0,,0.00,0.00,,0.00,0,0.00,,0.00,0,0,0.00
07/22/2025,,,,,,,,,,,,,
00:00 - 00:59 am,0,,0.00,0.00,,0.00,0,0.00,,0.00,0,0,0.00
01:00 - 01:59 am,0,,0.00,0.00,,0.00,0,0.00,,0.00,0,0,0.00
02:00 - 02:59 am,0,,0.00,0.00,,0.00,0,0.00,,0.00,0,0,0.00
03:00 - 03:59 am,0,,0.00,0.00,,0.00,0,0.00,,0.00,0,0,0.00
04:00 - 04:59 am,0,,"3,194.00",0.00,,"3,194.00",0,0.00,,0.00,0,0,0.00
05:00 - 05:59 am,0,,0.00,0.00,,0.00,0,0.00,,0.00,0,0,0.00
06:00 - 06:59 am,1,,0.00,0.00,,0.00,0,0.00,,0.00,0,0,0.00
07:00 - 07:59 am,32,,6.00,0.19,,6.00,19,0.00,,0.00,59,0,0.00
08:00 - 08:59 am,30,,28.00,0.93,,28.00,18,0.00,,0.00,60,0,0.00
09:00 - 09:59 am,38,,74.00,1.95,,74.00,20,0.00,,0.00,53,0,0.00
10:00 - 10:59 am,51,,111.99,2.20,,111.99,25,0.00,,0.00,49,0,0.00
11:00 - 11:59 am,46,,27.00,0.59,,27.00,31,0.00,,0.00,67,0,0.00
12:00 - 12:59 pm,60,,108.99,1.82,,72.00,21,36.99,,0.62,35,0,0.00
01:00 - 01:59 pm,48,,66.89,1.39,,65.00,25,0.00,,0.00,52,1,1.89
02:00 - 02:59 pm,41,,136.96,3.34,,(11.00),25,147.96,,3.61,61,0,0.00
03:00 - 03:59 pm,43,,96.98,2.26,,49.99,13,46.99,,1.09,30,0,0.00
04:00 - 04:59 pm,47,,67.99,1.45,,67.99,24,0.00,,0.00,51,0,0.00
05:00 - 05:59 pm,40,,36.99,0.92,,36.99,14,0.00,,0.00,35,0,0.00
06:00 - 06:59 pm,40,,19.99,0.50,,19.99,15,0.00,,0.00,38,0,0.00
07:00 - 07:59 pm,36,,81.99,2.28,,81.99,9,0.00,,0.00,25,0,0.00
08:00 - 08:59 pm,10,,17.00,1.70,,17.00,4,0.00,,0.00,40,0,0.00
09:00 - 09:59 pm,0,,0.00,0.00,,0.00,0,0.00,,0.00,0,0,0.00
10:00 - 10:59 pm,0,,0.00,0.00,,0.00,0,0.00,,0.00,0,0,0.00
11:00 - 11:59 pm,0,,0.00,0.00,,0.00,0,0.00,,0.00,0,0,0.00
07/23/2025,,,,,,,,,,,,,
00:00 - 00:59 am,0,,0.00,0.00,,0.00,0,0.00,,0.00,0,0,0.00
01:00 - 01:59 am,0,,0.00,0.00,,0.00,0,0.00,,0.00,0,0,0.00
02:00 - 02:59 am,0,,0.00,0.00,,0.00,0,0.00,,0.00,0,0,0.00
03:00 - 03:59 am,0,,0.00,0.00,,0.00,0,0.00,,0.00,0,0,0.00
04:00 - 04:59 am,0,,"2,879.65",0.00,,"2,879.65",0,0.00,,0.00,0,0,0.00
05:00 - 05:59 am,0,,0.00,0.00,,0.00,0,0.00,,0.00,0,0,0.00
06:00 - 06:59 am,1,,0.00,0.00,,0.00,1,0.00,,0.00,100,0,0.00
07:00 - 07:59 am,17,,11.00,0.65,,11.00,9,0.00,,0.00,53,0,0.00
08:00 - 08:59 am,23,,0.00,0.00,,0.00,18,0.00,,0.00,78,0,0.00
09:00 - 09:59 am,26,,11.00,0.42,,11.00,25,0.00,,0.00,96,0,0.00
10:00 - 10:59 am,56,,73.68,1.32,,34.00,47,36.99,,0.66,84,1,2.69
11:00 - 11:59 am,35,,90.99,2.60,,54.00,32,36.99,,1.06,91,0,0.00
12:00 - 12:59 pm,48,,89.99,1.87,,89.99,28,0.00,,0.00,58,0,0.00
01:00 - 01:59 pm,52,,88.00,1.69,,88.00,23,0.00,,0.00,44,0,0.00
02:00 - 02:59 pm,49,,127.98,2.61,,90.99,28,36.99,,0.75,57,0,0.00
03:00 - 03:59 pm,37,,109.98,2.97,,33.00,20,73.98,,2.00,54,3,3.00
04:00 - 04:59 pm,27,,13.64,0.51,,11.00,11,0.00,,0.00,41,2,2.64
05:00 - 05:59 pm,48,,57.98,1.21,,57.98,26,0.00,,0.00,54,0,0.00
06:00 - 06:59 pm,30,,34.00,1.13,,34.00,10,0.00,,0.00,33,0,0.00
07:00 - 07:59 pm,24,,34.00,1.42,,34.00,10,0.00,,0.00,42,0,0.00
08:00 - 08:59 pm,18,,27.00,1.50,,27.00,2,0.00,,0.00,11,0,0.00
09:00 - 09:59 pm,0,,0.00,0.00,,0.00,2,0.00,,0.00,0,0,0.00
10:00 - 10:59 pm,0,,0.00,0.00,,0.00,0,0.00,,0.00,0,0,0.00
11:00 - 11:59 pm,0,,0.00,0.00,,0.00,0,0.00,,0.00,0,0,0.00
07/24/2025,,,,,,,,,,,,,
00:00 - 00:59 am,0,,0.00,0.00,,0.00,0,0.00,,0.00,0,0,0.00
01:00 - 01:59 am,0,,0.00,0.00,,0.00,0,0.00,,0.00,0,0,0.00
02:00 - 02:59 am,0,,0.00,0.00,,0.00,0,0.00,,0.00,0,0,0.00
03:00 - 03:59 am,0,,0.00,0.00,,0.00,0,0.00,,0.00,0,0,0.00
04:00 - 04:59 am,0,,"2,818.00",0.00,,"2,818.00",0,0.00,,0.00,0,0,0.00
05:00 - 05:59 am,0,,0.00,0.00,,0.00,0,0.00,,0.00,0,0,0.00
06:00 - 06:59 am,1,,0.00,0.00,,0.00,1,0.00,,0.00,100,0,0.00
07:00 - 07:59 am,13,,0.00,0.00,,0.00,5,0.00,,0.00,38,0,0.00
08:00 - 08:59 am,18,,2.69,0.15,,0.00,10,0.00,,0.00,56,1,2.69
09:00 - 09:59 am,30,,59.99,2.00,,23.00,19,36.99,,1.23,63,0,0.00
10:00 - 10:59 am,36,,124.99,3.47,,88.00,27,36.99,,1.03,75,0,0.00
11:00 - 11:59 am,43,,85.99,2.00,,49.00,25,36.99,,0.86,58,0,0.00
12:00 - 12:59 pm,23,,32.00,1.39,,32.00,10,0.00,,0.00,43,0,0.00
01:00 - 01:59 pm,38,,213.98,5.63,,140.00,31,73.98,,1.95,82,0,0.00
02:00 - 02:59 pm,27,,60.99,2.26,,24.00,20,36.99,,1.37,74,0,0.00
03:00 - 03:59 pm,35,,70.99,2.03,,34.00,16,36.99,,1.06,46,0,0.00
04:00 - 04:59 pm,29,,92.99,3.21,,92.99,17,0.00,,0.00,59,0,0.00
05:00 - 05:59 pm,39,,56.00,1.44,,56.00,25,0.00,,0.00,64,0,0.00
06:00 - 06:59 pm,26,,44.00,1.69,,44.00,10,0.00,,0.00,38,0,0.00
07:00 - 07:59 pm,26,,64.00,2.46,,64.00,9,0.00,,0.00,35,0,0.00
08:00 - 08:59 pm,8,,0.00,0.00,,0.00,2,0.00,,0.00,25,0,0.00
09:00 - 09:59 pm,0,,0.00,0.00,,0.00,0,0.00,,0.00,0,0,0.00
10:00 - 10:59 pm,0,,0.00,0.00,,0.00,0,0.00,,0.00,0,0,0.00
11:00 - 11:59 pm,0,,0.00,0.00,,0.00,0,0.00,,0.00,0,0,0.00
07/25/2025,,,,,,,,,,,,,
00:00 - 00:59 am,0,,0.00,0.00,,0.00,0,0.00,,0.00,0,0,0.00
01:00 - 01:59 am,0,,0.00,0.00,,0.00,0,0.00,,0.00,0,0,0.00
02:00 - 02:59 am,0,,0.00,0.00,,0.00,0,0.00,,0.00,0,0,0.00
03:00 - 03:59 am,0,,0.00,0.00,,0.00,0,0.00,,0.00,0,0,0.00
04:00 - 04:59 am,0,,"2,503.19",0.00,,"2,503.19",0,0.00,,0.00,0,0,0.00
05:00 - 05:59 am,0,,0.00,0.00,,0.00,0,0.00,,0.00,0,0,0.00
06:00 - 06:59 am,1,,0.00,0.00,,0.00,0,0.00,,0.00,0,0,0.00
07:00 - 07:59 am,25,,17.00,0.68,,17.00,10,0.00,,0.00,40,0,0.00
08:00 - 08:59 am,31,,67.99,2.19,,31.00,24,36.99,,1.19,77,0,0.00
09:00 - 09:59 am,43,,84.36,1.96,,78.98,20,0.00,,0.00,47,2,5.38
10:00 - 10:59 am,54,,113.00,2.09,,113.00,43,0.00,,0.00,80,0,0.00
11:00 - 11:59 am,37,,39.00,1.05,,39.00,38,0.00,,0.00,103,0,0.00
12:00 - 12:59 pm,40,,22.95,0.57,,22.95,41,0.00,,0.00,103,0,0.00
01:00 - 01:59 pm,41,,146.00,3.56,,146.00,39,0.00,,0.00,95,0,0.00
02:00 - 02:59 pm,43,,197.89,4.60,,197.89,27,0.00,,0.00,63,0,0.00
03:00 - 03:59 pm,35,,12.52,0.36,,10.00,21,0.00,,0.00,60,2,2.52
04:00 - 04:59 pm,45,,152.66,3.39,,39.00,22,110.97,,2.47,49,1,2.69
05:00 - 05:59 pm,27,,74.97,2.78,,(36.00),17,110.97,,4.11,63,0,0.00
06:00 - 06:59 pm,35,,98.00,2.80,,98.00,10,0.00,,0.00,29,0,0.00
07:00 - 07:59 pm,37,,151.99,4.11,,151.99,13,0.00,,0.00,35,0,0.00
08:00 - 08:59 pm,16,,39.99,2.50,,39.99,6,0.00,,0.00,38,0,0.00
09:00 - 09:59 pm,0,,0.00,0.00,,0.00,0,0.00,,0.00,0,0,0.00
10:00 - 10:59 pm,0,,0.00,0.00,,0.00,0,0.00,,0.00,0,0,0.00
11:00 - 11:59 pm,0,,0.00,0.00,,0.00,0,0.00,,0.00,0,0,0.00
07/26/2025,,,,,,,,,,,,,
00:00 - 00:59 am,0,,0.00,0.00,,0.00,0,0.00,,0.00,0,0,0.00
01:00 - 01:59 am,0,,0.00,0.00,,0.00,0,0.00,,0.00,0,0,0.00
02:00 - 02:59 am,0,,0.00,0.00,,0.00,0,0.00,,0.00,0,0,0.00
03:00 - 03:59 am,0,,0.00,0.00,,0.00,0,0.00,,0.00,0,0,0.00
04:00 - 04:59 am,0,,"2,755.39",0.00,,"2,755.39",0,0.00,,0.00,0,0,0.00
05:00 - 05:59 am,0,,0.00,0.00,,0.00,0,0.00,,0.00,0,0,0.00
06:00 - 06:59 am,2,,0.00,0.00,,0.00,0,0.00,,0.00,0,0,0.00
07:00 - 07:59 am,7,,21.00,3.00,,21.00,2,0.00,,0.00,29,0,0.00
08:00 - 08:59 am,13,,53.99,4.15,,17.00,7,36.99,,2.85,54,0,0.00
09:00 - 09:59 am,30,,84.69,2.82,,82.00,12,0.00,,0.00,40,1,2.69
10:00 - 10:59 am,52,,83.00,1.60,,83.00,33,0.00,,0.00,63,0,0.00
11:00 - 11:59 am,45,,82.00,1.82,,82.00,38,0.00,,0.00,84,0,0.00
12:00 - 12:59 pm,52,,110.99,2.13,,110.99,34,0.00,,0.00,65,0,0.00
01:00 - 01:59 pm,57,,238.97,4.19,,154.99,45,83.98,,1.47,79,0,0.00
02:00 - 02:59 pm,16,,27.98,1.75,,(9.01),15,36.99,,2.31,94,0,0.00
03:00 - 03:59 pm,54,,104.00,1.93,,104.00,25,0.00,,0.00,46,0,0.00
04:00 - 04:59 pm,54,,49.00,0.91,,49.00,26,0.00,,0.00,48,0,0.00
05:00 - 05:59 pm,47,,109.00,2.32,,109.00,17,0.00,,0.00,36,0,0.00
06:00 - 06:59 pm,29,,72.00,2.48,,72.00,18,0.00,,0.00,62,0,0.00
07:00 - 07:59 pm,44,,82.00,1.86,,82.00,16,0.00,,0.00,36,0,0.00
08:00 - 08:59 pm,15,,11.00,0.73,,11.00,8,0.00,,0.00,53,0,0.00
09:00 - 09:59 pm,0,,0.00,0.00,,0.00,0,0.00,,0.00,0,0,0.00
10:00 - 10:59 pm,0,,0.00,0.00,,0.00,0,0.00,,0.00,0,0,0.00
11:00 - 11:59 pm,0,,0.00,0.00,,0.00,0,0.00,,0.00,0,0,0.00
07/27/2025,,,,,,,,,,,,,
00:00 - 00:59 am,0,,0.00,0.00,,0.00,0,0.00,,0.00,0,0,0.00
01:00 - 01:59 am,0,,0.00,0.00,,0.00,0,0.00,,0.00,0,0,0.00
02:00 - 02:59 am,1,,0.00,0.00,,0.00,0,0.00,,0.00,0,0,0.00
03:00 - 03:59 am,0,,0.00,0.00,,0.00,0,0.00,,0.00,0,0,0.00
04:00 - 04:59 am,0,,"2,962.44",0.00,,"2,962.44",0,0.00,,0.00,0,0,0.00
05:00 - 05:59 am,0,,0.00,0.00,,0.00,0,0.00,,0.00,0,0,0.00
06:00 - 06:59 am,0,,0.00,0.00,,0.00,0,0.00,,0.00,0,0,0.00
07:00 - 07:59 am,0,,0.00,0.00,,0.00,0,0.00,,0.00,0,0,0.00
08:00 - 08:59 am,0,,0.00,0.00,,0.00,0,0.00,,0.00,0,0,0.00
09:00 - 09:59 am,0,,0.00,0.00,,0.00,0,0.00,,0.00,0,0,0.00
10:00 - 10:59 am,0,,0.00,0.00,,0.00,0,0.00,,0.00,0,0,0.00
11:00 - 11:59 am,0,,0.00,0.00,,0.00,0,0.00,,0.00,0,0,0.00
12:00 - 12:59 pm,0,,0.00,0.00,,0.00,0,0.00,,0.00,0,0,0.00
01:00 - 01:59 pm,0,,0.00,0.00,,0.00,0,0.00,,0.00,0,0,0.00
02:00 - 02:59 pm,0,,0.00,0.00,,0.00,0,0.00,,0.00,0,0,0.00
03:00 - 03:59 pm,0,,0.00,0.00,,0.00,0,0.00,,0.00,0,0,0.00
04:00 - 04:59 pm,0,,0.00,0.00,,0.00,0,0.00,,0.00,0,0,0.00
05:00 - 05:59 pm,0,,0.00,0.00,,0.00,0,0.00,,0.00,0,0,0.00
06:00 - 06:59 pm,0,,0.00,0.00,,0.00,0,0.00,,0.00,0,0,0.00
07:00 - 07:59 pm,0,,0.00,0.00,,0.00,0,0.00,,0.00,0,0,0.00
08:00 - 08:59 pm,0,,0.00,0.00,,0.00,0,0.00,,0.00,0,0,0.00
09:00 - 09:59 pm,0,,0.00,0.00,,0.00,0,0.00,,0.00,0,0,0.00
10:00 - 10:59 pm,0,,0.00,0.00,,0.00,0,0.00,,0.00,0,0,0.00
11:00 - 11:59 pm,0,,0.00,0.00,,0.00,0,0.00,,0.00,0,0,0.00
07/28/2025,,,,,,,,,,,,,
00:00 - 00:59 am,0,,0.00,0.00,,0.00,0,0.00,,0.00,0,0,0.00
01:00 - 01:59 am,0,,0.00,0.00,,0.00,0,0.00,,0.00,0,0,0.00
02:00 - 02:59 am,0,,0.00,0.00,,0.00,0,0.00,,0.00,0,0,0.00
03:00 - 03:59 am,0,,0.00,0.00,,0.00,0,0.00,,0.00,0,0,0.00
04:00 - 04:59 am,0,,"3,648.57",0.00,,"3,648.57",0,0.00,,0.00,0,0,0.00
05:00 - 05:59 am,0,,0.00,0.00,,0.00,0,0.00,,0.00,0,0,0.00
06:00 - 06:59 am,3,,0.00,0.00,,0.00,0,0.00,,0.00,0,0,0.00
07:00 - 07:59 am,24,,41.00,1.71,,41.00,18,0.00,,0.00,75,0,0.00
08:00 - 08:59 am,37,,30.00,0.81,,30.00,24,0.00,,0.00,65,0,0.00
09:00 - 09:59 am,38,,111.99,2.95,,75.00,28,36.99,,0.97,74,0,0.00
10:00 - 10:59 am,38,,107.00,2.82,,107.00,21,0.00,,0.00,55,0,0.00
11:00 - 11:59 am,44,,46.00,1.05,,46.00,29,0.00,,0.00,66,0,0.00
12:00 - 12:59 pm,61,,151.99,2.49,,115.00,48,36.99,,0.61,79,0,0.00
01:00 - 01:59 pm,32,,1.75,0.05,,0.00,29,0.00,,0.00,91,2,1.75
02:00 - 02:59 pm,41,,53.75,1.31,,53.00,10,0.00,,0.00,24,1,0.75
03:00 - 03:59 pm,32,,88.98,2.78,,15.00,2,73.98,,2.31,6,0,0.00
04:00 - 04:59 pm,42,,60.00,1.43,,60.00,0,0.00,,0.00,0,0,0.00
05:00 - 05:59 pm,46,,84.00,1.83,,84.00,0,0.00,,0.00,0,0,0.00
06:00 - 06:59 pm,52,,90.00,1.73,,90.00,0,0.00,,0.00,0,0,0.00
07:00 - 07:59 pm,21,,48.00,2.29,,48.00,0,0.00,,0.00,0,0,0.00
08:00 - 08:59 pm,11,,23.00,2.09,,23.00,0,0.00,,0.00,0,0,0.00
09:00 - 09:59 pm,0,,0.00,0.00,,0.00,0,0.00,,0.00,0,0,0.00
10:00 - 10:59 pm,0,,0.00,0.00,,0.00,0,0.00,,0.00,0,0,0.00
11:00 - 11:59 pm,0,,0.00,0.00,,0.00,0,0.00,,0.00,0,0,0.00
07/29/2025,,,,,,,,,,,,,
00:00 - 00:59 am,0,,0.00,0.00,,0.00,0,0.00,,0.00,0,0,0.00
01:00 - 01:59 am,0,,0.00,0.00,,0.00,0,0.00,,0.00,0,0,0.00
02:00 - 02:59 am,0,,0.00,0.00,,0.00,0,0.00,,0.00,0,0,0.00
03:00 - 03:59 am,0,,0.00,0.00,,0.00,0,0.00,,0.00,0,0,0.00
04:00 - 04:59 am,0,,"2,938.64",0.00,,"2,938.64",0,0.00,,0.00,0,0,0.00
05:00 - 05:59 am,0,,0.00,0.00,,0.00,0,0.00,,0.00,0,0,0.00
06:00 - 06:59 am,0,,0.00,0.00,,0.00,0,0.00,,0.00,0,0,0.00
07:00 - 07:59 am,9,,0.00,0.00,,0.00,0,0.00,,0.00,0,0,0.00
08:00 - 08:59 am,32,,110.97,3.47,,73.98,1,36.99,,1.16,3,0,0.00
09:00 - 09:59 am,20,,36.99,1.85,,0.00,1,36.99,,1.85,5,0,0.00
10:00 - 10:59 am,30,,155.67,5.19,,79.00,2,73.98,,2.47,7,1,2.69
11:00 - 11:59 am,35,,118.98,3.40,,81.99,1,36.99,,1.06,3,0,0.00
12:00 - 12:59 pm,35,,121.97,3.48,,11.00,3,110.97,,3.17,9,0,0.00
01:00 - 01:59 pm,41,,140.98,3.44,,67.00,2,73.98,,1.80,5,0,0.00
02:00 - 02:59 pm,31,,34.99,1.13,,(2.00),1,36.99,,1.19,3,0,0.00
03:00 - 03:59 pm,44,,172.02,3.91,,132.99,1,36.99,,0.84,2,2,2.04
04:00 - 04:59 pm,41,,73.00,1.78,,73.00,0,0.00,,0.00,0,0,0.00
05:00 - 05:59 pm,40,,33.00,0.83,,33.00,0,0.00,,0.00,0,0,0.00
06:00 - 06:59 pm,35,,65.00,1.86,,65.00,0,0.00,,0.00,0,0,0.00
07:00 - 07:59 pm,34,,34.00,1.00,,34.00,0,0.00,,0.00,0,0,0.00
08:00 - 08:59 pm,14,,28.00,2.00,,28.00,0,0.00,,0.00,0,0,0.00
09:00 - 09:59 pm,0,,0.00,0.00,,0.00,0,0.00,,0.00,0,0,0.00
10:00 - 10:59 pm,0,,(10.00),0.00,,(10.00),0,0.00,,0.00,0,0,0.00
11:00 - 11:59 pm,0,,0.00,0.00,,0.00,0,0.00,,0.00,0,0,0.00
07/30/2025,,,,,,,,,,,,,
00:00 - 00:59 am,0,,0.00,0.00,,0.00,0,0.00,,0.00,0,0,0.00
01:00 - 01:59 am,0,,0.00,0.00,,0.00,0,0.00,,0.00,0,0,0.00
02:00 - 02:59 am,0,,0.00,0.00,,0.00,0,0.00,,0.00,0,0,0.00
03:00 - 03:59 am,0,,0.00,0.00,,0.00,0,0.00,,0.00,0,0,0.00
04:00 - 04:59 am,0,,"2,442.19",0.00,,"2,442.19",0,0.00,,0.00,0,0,0.00
05:00 - 05:59 am,0,,0.00,0.00,,0.00,0,0.00,,0.00,0,0,0.00
06:00 - 06:59 am,0,,0.00,0.00,,0.00,0,0.00,,0.00,0,0,0.00
07:00 - 07:59 am,26,,40.00,1.54,,40.00,0,0.00,,0.00,0,0,0.00
08:00 - 08:59 am,15,,11.00,0.73,,11.00,0,0.00,,0.00,0,0,0.00
09:00 - 09:59 am,32,,34.00,1.06,,34.00,0,0.00,,0.00,0,0,0.00
10:00 - 10:59 am,31,,47.99,1.55,,11.00,8,36.99,,1.19,26,0,0.00
11:00 - 11:59 am,42,,83.00,1.98,,83.00,22,0.00,,0.00,52,0,0.00
12:00 - 12:59 pm,42,,37.00,0.88,,37.00,18,0.00,,0.00,43,0,0.00
01:00 - 01:59 pm,35,,64.99,1.86,,28.00,16,36.99,,1.06,46,0,0.00
02:00 - 02:59 pm,36,,40.99,1.14,,4.00,18,36.99,,1.03,50,0,0.00
03:00 - 03:59 pm,32,,99.99,3.12,,63.00,8,36.99,,1.16,25,0,0.00
04:00 - 04:59 pm,36,,46.99,1.31,,10.00,22,36.99,,1.03,61,0,0.00
05:00 - 05:59 pm,29,,90.00,3.10,,90.00,14,0.00,,0.00,48,0,0.00
06:00 - 06:59 pm,24,,11.00,0.46,,11.00,6,0.00,,0.00,25,0,0.00
07:00 - 07:59 pm,33,,11.00,0.33,,11.00,6,0.00,,0.00,18,0,0.00
08:00 - 08:59 pm,8,,0.00,0.00,,0.00,2,0.00,,0.00,25,0,0.00
09:00 - 09:59 pm,0,,0.00,0.00,,0.00,0,0.00,,0.00,0,0,0.00
10:00 - 10:59 pm,0,,0.00,0.00,,0.00,0,0.00,,0.00,0,0,0.00
11:00 - 11:59 pm,0,,0.00,0.00,,0.00,0,0.00,,0.00,0,0,0.00
07/31/2025,,,,,,,,,,,,,
00:00 - 00:59 am,0,,0.00,0.00,,0.00,0,0.00,,0.00,0,0,0.00
01:00 - 01:59 am,0,,0.00,0.00,,0.00,0,0.00,,0.00,0,0,0.00
02:00 - 02:59 am,0,,0.00,0.00,,0.00,0,0.00,,0.00,0,0,0.00
03:00 - 03:59 am,0,,0.00,0.00,,0.00,0,0.00,,0.00,0,0,0.00
04:00 - 04:59 am,0,,"1,870.23",0.00,,"1,870.23",0,0.00,,0.00,0,0,0.00
05:00 - 05:59 am,0,,0.00,0.00,,0.00,0,0.00,,0.00,0,0,0.00
06:00 - 06:59 am,1,,0.00,0.00,,0.00,0,0.00,,0.00,0,0,0.00
07:00 - 07:59 am,22,,29.99,1.36,,29.99,14,0.00,,0.00,64,0,0.00
08:00 - 08:59 am,19,,0.00,0.00,,0.00,18,0.00,,0.00,95,0,0.00
09:00 - 09:59 am,26,,0.00,0.00,,0.00,14,0.00,,0.00,54,0,0.00
10:00 - 10:59 am,35,,91.97,2.63,,54.98,20,36.99,,1.06,57,0,0.00
11:00 - 11:59 am,39,,89.00,2.28,,89.00,15,0.00,,0.00,38,0,0.00
12:00 - 12:59 pm,48,,164.97,3.44,,164.97,12,0.00,,0.00,25,0,0.00
01:00 - 01:59 pm,34,,104.99,3.09,,104.99,10,0.00,,0.00,29,0,0.00
02:00 - 02:59 pm,33,,104.98,3.18,,31.00,20,73.98,,2.24,61,0,0.00
03:00 - 03:59 pm,36,,11.50,0.32,,11.00,22,0.00,,0.00,61,1,0.50
04:00 - 04:59 pm,31,,(9.00),(0.29),,(9.00),19,0.00,,0.00,61,0,0.00
05:00 - 05:59 pm,46,,30.99,0.67,,30.99,17,0.00,,0.00,37,0,0.00
06:00 - 06:59 pm,27,,11.00,0.41,,11.00,25,0.00,,0.00,93,0,0.00
07:00 - 07:59 pm,28,,50.00,1.79,,50.00,7,0.00,,0.00,25,0,0.00
08:00 - 08:59 pm,10,,0.00,0.00,,0.00,5,0.00,,0.00,50,0,0.00
09:00 - 09:59 pm,0,,0.00,0.00,,0.00,0,0.00,,0.00,0,0,0.00
10:00 - 10:59 pm,0,,0.00,0.00,,0.00,0,0.00,,0.00,0,0,0.00
11:00 - 11:59 pm,0,,0.00,0.00,,0.00,0,0.00,,0.00,0,0,0.00
08/01/2025,,,,,,,,,,,,,
00:00 - 00:59 am,0,,0.00,0.00,,0.00,0,0.00,,0.00,0,0,0.00
01:00 - 01:59 am,0,,0.00,0.00,,0.00,0,0.00,,0.00,0,0,0.00
02:00 - 02:59 am,0,,0.00,0.00,,0.00,0,0.00,,0.00,0,0,0.00
03:00 - 03:59 am,0,,0.00,0.00,,0.00,0,0.00,,0.00,0,0,0.00
04:00 - 04:59 am,0,,"2,682.01",0.00,,"2,682.01",0,0.00,,0.00,0,0,0.00
05:00 - 05:59 am,0,,0.00,0.00,,0.00,0,0.00,,0.00,0,0,0.00
06:00 - 06:59 am,1,,0.00,0.00,,0.00,0,0.00,,0.00,0,0,0.00
07:00 - 07:59 am,24,,0.00,0.00,,0.00,18,0.00,,0.00,75,0,0.00
08:00 - 08:59 am,20,,151.95,7.60,,(33.00),28,184.95,,9.25,140,0,0.00
09:00 - 09:59 am,49,,62.00,1.27,,62.00,43,0.00,,0.00,88,0,0.00
10:00 - 10:59 am,45,,85.00,1.89,,85.00,21,0.00,,0.00,47,0,0.00
11:00 - 11:59 am,36,,59.93,1.66,,(20.01),14,78.94,,2.19,39,1,1.00
12:00 - 12:59 pm,39,,57.64,1.48,,13.00,9,41.95,,1.08,23,1,2.69
01:00 - 01:59 pm,38,,79.99,2.11,,43.00,23,36.99,,0.97,61,0,0.00
02:00 - 02:59 pm,36,,144.89,4.02,,144.89,18,0.00,,0.00,50,0,0.00
03:00 - 03:59 pm,46,,212.94,4.63,,169.95,18,36.99,,0.80,39,6,6.00
04:00 - 04:59 pm,40,,92.99,2.32,,92.99,19,0.00,,0.00,48,0,0.00
05:00 - 05:59 pm,37,,49.99,1.35,,49.99,19,0.00,,0.00,51,0,0.00
06:00 - 06:59 pm,35,,95.76,2.74,,94.99,9,0.00,,0.00,26,1,0.77
07:00 - 07:59 pm,42,,135.99,3.24,,135.99,17,0.00,,0.00,40,0,0.00
08:00 - 08:59 pm,23,,56.00,2.43,,56.00,13,0.00,,0.00,57,0,0.00
09:00 - 09:59 pm,0,,0.00,0.00,,0.00,0,0.00,,0.00,0,0,0.00
10:00 - 10:59 pm,0,,0.00,0.00,,0.00,0,0.00,,0.00,0,0,0.00
11:00 - 11:59 pm,0,,0.00,0.00,,0.00,0,0.00,,0.00,0,0,0.00
08/02/2025,,,,,,,,,,,,,
00:00 - 00:59 am,0,,0.00,0.00,,0.00,0,0.00,,0.00,0,0,0.00
01:00 - 01:59 am,0,,0.00,0.00,,0.00,0,0.00,,0.00,0,0,0.00
02:00 - 02:59 am,0,,0.00,0.00,,0.00,0,0.00,,0.00,0,0,0.00
03:00 - 03:59 am,0,,0.00,0.00,,0.00,0,0.00,,0.00,0,0,0.00
04:00 - 04:59 am,0,,"2,692.49",0.00,,"2,692.49",0,0.00,,0.00,0,0,0.00
05:00 - 05:59 am,0,,0.00,0.00,,0.00,0,0.00,,0.00,0,0,0.00
06:00 - 06:59 am,0,,0.00,0.00,,0.00,1,0.00,,0.00,0,0,0.00
07:00 - 07:59 am,12,,11.00,0.92,,11.00,3,0.00,,0.00,25,0,0.00
08:00 - 08:59 am,22,,20.00,0.91,,20.00,4,0.00,,0.00,18,0,0.00
09:00 - 09:59 am,49,,129.99,2.65,,93.00,23,36.99,,0.75,47,0,0.00
10:00 - 10:59 am,45,,126.98,2.82,,126.98,12,0.00,,0.00,27,0,0.00
11:00 - 11:59 am,50,,436.66,8.73,,396.98,23,36.99,,0.74,46,1,2.69
12:00 - 12:59 pm,52,,131.00,2.52,,131.00,24,0.00,,0.00,46,0,0.00
01:00 - 01:59 pm,50,,209.00,4.18,,206.00,18,3.00,,0.06,36,0,0.00
02:00 - 02:59 pm,48,,123.99,2.58,,87.00,22,36.99,,0.77,46,0,0.00
03:00 - 03:59 pm,37,,56.99,1.54,,56.99,15,0.00,,0.00,41,0,0.00
04:00 - 04:59 pm,27,,39.99,1.48,,39.99,16,0.00,,0.00,59,0,0.00
05:00 - 05:59 pm,42,,115.99,2.76,,115.99,21,0.00,,0.00,50,0,0.00
06:00 - 06:59 pm,34,,110.99,3.26,,110.99,15,0.00,,0.00,44,0,0.00
07:00 - 07:59 pm,35,,66.99,1.91,,66.99,19,0.00,,0.00,54,0,0.00
08:00 - 08:59 pm,16,,40.00,2.50,,40.00,4,0.00,,0.00,25,0,0.00
09:00 - 09:59 pm,0,,0.00,0.00,,0.00,0,0.00,,0.00,0,0,0.00
10:00 - 10:59 pm,0,,0.00,0.00,,0.00,0,0.00,,0.00,0,0,0.00
11:00 - 11:59 pm,0,,0.00,0.00,,0.00,0,0.00,,0.00,0,0,0.00
08/03/2025,,,,,,,,,,,,,
00:00 - 00:59 am,0,,0.00,0.00,,0.00,0,0.00,,0.00,0,0,0.00
01:00 - 01:59 am,0,,0.00,0.00,,0.00,0,0.00,,0.00,0,0,0.00
02:00 - 02:59 am,0,,0.00,0.00,,0.00,0,0.00,,0.00,0,0,0.00
03:00 - 03:59 am,0,,0.00,0.00,,0.00,0,0.00,,0.00,0,0,0.00
04:00 - 04:59 am,0,,"2,611.69",0.00,,"2,611.69",0,0.00,,0.00,0,0,0.00
05:00 - 05:59 am,0,,0.00,0.00,,0.00,0,0.00,,0.00,0,0,0.00
06:00 - 06:59 am,0,,0.00,0.00,,0.00,0,0.00,,0.00,0,0,0.00
07:00 - 07:59 am,0,,0.00,0.00,,0.00,0,0.00,,0.00,0,0,0.00
08:00 - 08:59 am,0,,0.00,0.00,,0.00,0,0.00,,0.00,0,0,0.00
09:00 - 09:59 am,0,,0.00,0.00,,0.00,0,0.00,,0.00,0,0,0.00
10:00 - 10:59 am,0,,0.00,0.00,,0.00,0,0.00,,0.00,0,0,0.00
11:00 - 11:59 am,0,,0.00,0.00,,0.00,0,0.00,,0.00,0,0,0.00
12:00 - 12:59 pm,0,,0.00,0.00,,0.00,0,0.00,,0.00,0,0,0.00
01:00 - 01:59 pm,0,,0.00,0.00,,0.00,0,0.00,,0.00,0,0,0.00
02:00 - 02:59 pm,0,,0.00,0.00,,0.00,0,0.00,,0.00,0,0,0.00
03:00 - 03:59 pm,0,,0.00,0.00,,0.00,0,0.00,,0.00,0,0,0.00
04:00 - 04:59 pm,0,,0.00,0.00,,0.00,0,0.00,,0.00,0,0,0.00
05:00 - 05:59 pm,0,,0.00,0.00,,0.00,0,0.00,,0.00,0,0,0.00
06:00 - 06:59 pm,0,,0.00,0.00,,0.00,0,0.00,,0.00,0,0,0.00
07:00 - 07:59 pm,0,,0.00,0.00,,0.00,0,0.00,,0.00,0,0,0.00
08:00 - 08:59 pm,0,,0.00,0.00,,0.00,0,0.00,,0.00,0,0,0.00
09:00 - 09:59 pm,0,,0.00,0.00,,0.00,0,0.00,,0.00,0,0,0.00
10:00 - 10:59 pm,0,,0.00,0.00,,0.00,0,0.00,,0.00,0,0,0.00
11:00 - 11:59 pm,0,,0.00,0.00,,0.00,0,0.00,,0.00,0,0,0.00
08/04/2025,,,,,,,,,,,,,
00:00 - 00:59 am,0,,0.00,0.00,,0.00,0,0.00,,0.00,0,0,0.00
01:00 - 01:59 am,0,,0.00,0.00,,0.00,0,0.00,,0.00,0,0,0.00
02:00 - 02:59 am,0,,0.00,0.00,,0.00,0,0.00,,0.00,0,0,0.00
03:00 - 03:59 am,0,,0.00,0.00,,0.00,0,0.00,,0.00,0,0,0.00
04:00 - 04:59 am,0,,"2,672.79",0.00,,"2,672.79",0,0.00,,0.00,0,0,0.00
05:00 - 05:59 am,0,,0.00,0.00,,0.00,0,0.00,,0.00,0,0,0.00
06:00 - 06:59 am,1,,0.00,0.00,,0.00,0,0.00,,0.00,0,0,0.00
07:00 - 07:59 am,33,,6.00,0.18,,6.00,25,0.00,,0.00,76,0,0.00
08:00 - 08:59 am,26,,39.69,1.53,,37.00,13,0.00,,0.00,50,1,2.69
09:00 - 09:59 am,34,,10.00,0.29,,10.00,14,0.00,,0.00,41,0,0.00
10:00 - 10:59 am,38,,31.00,0.82,,31.00,29,0.00,,0.00,76,0,0.00
11:00 - 11:59 am,36,,96.00,2.67,,96.00,15,0.00,,0.00,42,0,0.00
12:00 - 12:59 pm,39,,33.00,0.85,,33.00,9,0.00,,0.00,23,0,0.00
01:00 - 01:59 pm,35,,123.97,3.54,,86.98,17,36.99,,1.06,49,0,0.00
02:00 - 02:59 pm,44,,41.68,0.95,,2.00,27,36.99,,0.84,61,1,2.69
03:00 - 03:59 pm,42,,108.99,2.60,,72.00,22,36.99,,0.88,52,0,0.00
04:00 - 04:59 pm,35,,74.99,2.14,,74.99,11,0.00,,0.00,31,0,0.00
05:00 - 05:59 pm,39,,75.99,1.95,,39.00,24,36.99,,0.95,62,0,0.00
06:00 - 06:59 pm,29,,50.98,1.76,,50.98,20,0.00,,0.00,69,0,0.00
07:00 - 07:59 pm,27,,119.54,4.43,,118.00,9,0.00,,0.00,33,2,1.54
08:00 - 08:59 pm,17,,10.00,0.59,,10.00,4,0.00,,0.00,24,0,0.00
09:00 - 09:59 pm,0,,0.00,0.00,,0.00,0,0.00,,0.00,0,0,0.00
10:00 - 10:59 pm,0,,0.00,0.00,,0.00,0,0.00,,0.00,0,0,0.00
11:00 - 11:59 pm,0,,0.00,0.00,,0.00,0,0.00,,0.00,0,0,0.00
08/05/2025,,,,,,,,,,,,,
00:00 - 00:59 am,0,,0.00,0.00,,0.00,0,0.00,,0.00,0,0,0.00
01:00 - 01:59 am,0,,0.00,0.00,,0.00,0,0.00,,0.00,0,0,0.00
02:00 - 02:59 am,0,,0.00,0.00,,0.00,0,0.00,,0.00,0,0,0.00
03:00 - 03:59 am,0,,0.00,0.00,,0.00,0,0.00,,0.00,0,0,0.00
04:00 - 04:59 am,0,,"3,805.94",0.00,,"3,805.94",0,0.00,,0.00,0,0,0.00
05:00 - 05:59 am,0,,0.00,0.00,,0.00,0,0.00,,0.00,0,0,0.00
06:00 - 06:59 am,0,,2.69,0.00,,0.00,0,0.00,,0.00,0,1,2.69
07:00 - 07:59 am,16,,11.00,0.69,,11.00,9,0.00,,0.00,56,0,0.00
08:00 - 08:59 am,24,,44.00,1.83,,44.00,17,0.00,,0.00,71,0,0.00
09:00 - 09:59 am,27,,53.99,2.00,,17.00,14,36.99,,1.37,52,0,0.00
10:00 - 10:59 am,39,,83.98,2.15,,10.00,19,73.98,,1.90,49,0,0.00
11:00 - 11:59 am,32,,79.99,2.50,,42.00,16,36.99,,1.16,50,1,1.00
12:00 - 12:59 pm,39,,134.00,3.44,,134.00,14,0.00,,0.00,36,0,0.00
01:00 - 01:59 pm,46,,60.00,1.30,,50.00,22,10.00,,0.22,48,0,0.00
02:00 - 02:59 pm,37,,38.00,1.03,,28.00,18,10.00,,0.27,49,0,0.00
03:00 - 03:59 pm,32,,145.31,4.54,,24.00,19,115.93,,3.62,59,2,5.38
04:00 - 04:59 pm,40,,109.99,2.75,,73.00,31,36.99,,0.92,78,0,0.00
05:00 - 05:59 pm,30,,36.99,1.23,,0.00,15,36.99,,1.23,50,0,0.00
06:00 - 06:59 pm,26,,47.99,1.85,,47.99,12,0.00,,0.00,46,0,0.00
07:00 - 07:59 pm,34,,30.00,0.88,,30.00,18,0.00,,0.00,53,0,0.00
08:00 - 08:59 pm,19,,28.00,1.47,,28.00,8,0.00,,0.00,42,0,0.00
09:00 - 09:59 pm,0,,0.00,0.00,,0.00,0,0.00,,0.00,0,0,0.00
10:00 - 10:59 pm,0,,0.00,0.00,,0.00,0,0.00,,0.00,0,0,0.00
11:00 - 11:59 pm,0,,0.00,0.00,,0.00,0,0.00,,0.00,0,0,0.00
08/06/2025,,,,,,,,,,,,,
00:00 - 00:59 am,0,,0.00,0.00,,0.00,0,0.00,,0.00,0,0,0.00
01:00 - 01:59 am,0,,0.00,0.00,,0.00,0,0.00,,0.00,0,0,0.00
02:00 - 02:59 am,0,,0.00,0.00,,0.00,0,0.00,,0.00,0,0,0.00
03:00 - 03:59 am,0,,0.00,0.00,,0.00,0,0.00,,0.00,0,0,0.00
04:00 - 04:59 am,0,,"3,086.35",0.00,,"3,086.35",0,0.00,,0.00,0,0,0.00
05:00 - 05:59 am,0,,0.00,0.00,,0.00,0,0.00,,0.00,0,0,0.00
06:00 - 06:59 am,1,,2.69,2.69,,0.00,0,0.00,,0.00,0,1,2.69
07:00 - 07:59 am,17,,0.00,0.00,,0.00,9,0.00,,0.00,53,0,0.00
08:00 - 08:59 am,27,,41.68,1.54,,38.99,22,0.00,,0.00,81,1,2.69
09:00 - 09:59 am,35,,69.68,1.99,,30.00,12,36.99,,1.06,34,1,2.69
10:00 - 10:59 am,41,,28.99,0.71,,(8.00),18,36.99,,0.90,44,0,0.00
11:00 - 11:59 am,34,,126.98,3.73,,89.99,16,36.99,,1.09,47,0,0.00
12:00 - 12:59 pm,31,,72.00,2.32,,72.00,10,0.00,,0.00,32,0,0.00
01:00 - 01:59 pm,36,,98.98,2.75,,25.00,16,73.98,,2.06,44,0,0.00
02:00 - 02:59 pm,36,,67.68,1.88,,28.00,22,36.99,,1.03,61,1,2.69
03:00 - 03:59 pm,37,,86.98,2.35,,13.00,20,73.98,,2.00,54,0,0.00
04:00 - 04:59 pm,34,,24.76,0.73,,(13.00),29,36.99,,1.09,85,1,0.77
05:00 - 05:59 pm,46,,93.99,2.04,,57.00,32,36.99,,0.80,70,0,0.00
06:00 - 06:59 pm,26,,0.00,0.00,,0.00,24,0.00,,0.00,92,0,0.00
07:00 - 07:59 pm,16,,92.00,5.75,,92.00,6,0.00,,0.00,38,0,0.00
08:00 - 08:59 pm,9,,17.00,1.89,,17.00,1,0.00,,0.00,11,0,0.00
09:00 - 09:59 pm,0,,0.00,0.00,,0.00,0,0.00,,0.00,0,0,0.00
10:00 - 10:59 pm,0,,0.00,0.00,,0.00,0,0.00,,0.00,0,0,0.00
11:00 - 11:59 pm,0,,0.00,0.00,,0.00,0,0.00,,0.00,0,0,0.00
08/07/2025,,,,,,,,,,,,,
00:00 - 00:59 am,0,,0.00,0.00,,0.00,0,0.00,,0.00,0,0,0.00
01:00 - 01:59 am,0,,0.00,0.00,,0.00,0,0.00,,0.00,0,0,0.00
02:00 - 02:59 am,0,,0.00,0.00,,0.00,0,0.00,,0.00,0,0,0.00
03:00 - 03:59 am,0,,0.00,0.00,,0.00,0,0.00,,0.00,0,0,0.00
04:00 - 04:59 am,0,,"4,204.67",0.00,,"4,204.67",0,0.00,,0.00,0,0,0.00
05:00 - 05:59 am,0,,0.00,0.00,,0.00,0,0.00,,0.00,0,0,0.00
06:00 - 06:59 am,1,,0.00,0.00,,0.00,0,0.00,,0.00,0,0,0.00
07:00 - 07:59 am,18,,11.00,0.61,,11.00,8,0.00,,0.00,44,0,0.00
08:00 - 08:59 am,22,,30.69,1.40,,28.00,3,0.00,,0.00,14,1,2.69
09:00 - 09:59 am,19,,112.98,5.95,,39.00,11,73.98,,3.89,58,0,0.00
10:00 - 10:59 am,23,,22.00,0.96,,22.00,13,0.00,,0.00,57,0,0.00
11:00 - 11:59 am,34,,77.48,2.28,,37.00,25,36.99,,1.09,74,2,3.49
12:00 - 12:59 pm,33,,141.98,4.30,,68.00,18,73.98,,2.24,55,0,0.00
01:00 - 01:59 pm,39,,154.97,3.97,,80.99,20,73.98,,1.90,51,0,0.00
02:00 - 02:59 pm,27,,41.99,1.56,,41.99,15,0.00,,0.00,56,0,0.00
03:00 - 03:59 pm,24,,64.69,2.70,,62.00,11,0.00,,0.00,46,1,2.69
04:00 - 04:59 pm,42,,61.99,1.48,,61.99,26,0.00,,0.00,62,0,0.00
05:00 - 05:59 pm,32,,76.99,2.41,,76.99,12,0.00,,0.00,38,0,0.00
06:00 - 06:59 pm,32,,50.99,1.59,,50.99,18,0.00,,0.00,56,0,0.00
07:00 - 07:59 pm,20,,51.99,2.60,,51.99,11,0.00,,0.00,55,0,0.00
08:00 - 08:59 pm,3,,0.00,0.00,,0.00,3,0.00,,0.00,100,0,0.00
09:00 - 09:59 pm,0,,0.00,0.00,,0.00,0,0.00,,0.00,0,0,0.00
10:00 - 10:59 pm,0,,0.00,0.00,,0.00,0,0.00,,0.00,0,0,0.00
11:00 - 11:59 pm,0,,0.00,0.00,,0.00,0,0.00,,0.00,0,0,0.00
08/08/2025,,,,,,,,,,,,,
00:00 - 00:59 am,0,,0.00,0.00,,0.00,0,0.00,,0.00,0,0,0.00
01:00 - 01:59 am,0,,0.00,0.00,,0.00,0,0.00,,0.00,0,0,0.00
02:00 - 02:59 am,0,,0.00,0.00,,0.00,0,0.00,,0.00,0,0,0.00
03:00 - 03:59 am,0,,0.00,0.00,,0.00,0,0.00,,0.00,0,0,0.00
04:00 - 04:59 am,0,,"3,571.20",0.00,,"3,571.20",0,0.00,,0.00,0,0,0.00
05:00 - 05:59 am,0,,0.00,0.00,,0.00,0,0.00,,0.00,0,0,0.00
06:00 - 06:59 am,1,,2.69,2.69,,0.00,0,0.00,,0.00,0,1,2.69
07:00 - 07:59 am,20,,61.00,3.05,,61.00,8,0.00,,0.00,40,0,0.00
08:00 - 08:59 am,25,,86.97,3.48,,49.98,29,36.99,,1.48,116,0,0.00
09:00 - 09:59 am,39,,29.99,0.77,,29.99,26,0.00,,0.00,67,0,0.00
10:00 - 10:59 am,42,,147.00,3.50,,147.00,21,0.00,,0.00,50,0,0.00
11:00 - 11:59 am,54,,146.97,2.72,,109.98,34,36.99,,0.69,63,0,0.00
12:00 - 12:59 pm,36,,106.00,2.94,,106.00,16,0.00,,0.00,44,0,0.00
01:00 - 01:59 pm,47,,200.68,4.27,,161.00,24,36.99,,0.79,51,1,2.69
02:00 - 02:59 pm,40,,116.00,2.90,,106.00,16,10.00,,0.25,40,0,0.00
03:00 - 03:59 pm,28,,19.69,0.70,,17.00,8,0.00,,0.00,29,1,2.69
04:00 - 04:59 pm,39,,151.88,3.89,,72.94,23,78.94,,2.02,59,0,0.00
05:00 - 05:59 pm,54,,66.99,1.24,,66.99,30,0.00,,0.00,56,0,0.00
06:00 - 06:59 pm,31,,36.99,1.19,,36.99,34,0.00,,0.00,110,0,0.00
07:00 - 07:59 pm,35,,83.99,2.40,,83.99,19,0.00,,0.00,54,0,0.00
08:00 - 08:59 pm,22,,10.00,0.45,,10.00,12,0.00,,0.00,55,0,0.00
09:00 - 09:59 pm,0,,0.00,0.00,,0.00,0,0.00,,0.00,0,0,0.00
10:00 - 10:59 pm,0,,0.00,0.00,,0.00,0,0.00,,0.00,0,0,0.00
11:00 - 11:59 pm,0,,0.00,0.00,,0.00,0,0.00,,0.00,0,0,0.00
08/09/2025,,,,,,,,,,,,,
00:00 - 00:59 am,0,,0.00,0.00,,0.00,0,0.00,,0.00,0,0,0.00
01:00 - 01:59 am,0,,0.00,0.00,,0.00,0,0.00,,0.00,0,0,0.00
02:00 - 02:59 am,0,,0.00,0.00,,0.00,0,0.00,,0.00,0,0,0.00
03:00 - 03:59 am,0,,0.00,0.00,,0.00,0,0.00,,0.00,0,0,0.00
04:00 - 04:59 am,0,,"3,818.16",0.00,,"3,818.16",0,0.00,,0.00,0,0,0.00
05:00 - 05:59 am,0,,0.00,0.00,,0.00,0,0.00,,0.00,0,0,0.00
06:00 - 06:59 am,4,,0.00,0.00,,0.00,1,0.00,,0.00,25,0,0.00
07:00 - 07:59 am,8,,33.99,4.25,,33.99,5,0.00,,0.00,63,0,0.00
08:00 - 08:59 am,27,,98.67,3.65,,58.99,23,36.99,,1.37,85,1,2.69
09:00 - 09:59 am,46,,28.00,0.61,,28.00,27,0.00,,0.00,59,0,0.00
10:00 - 10:59 am,55,,140.73,2.56,,101.99,35,36.99,,0.67,64,1,1.75
11:00 - 11:59 am,47,,93.98,2.00,,56.99,27,36.99,,0.79,57,0,0.00
12:00 - 12:59 pm,47,,147.97,3.15,,73.99,22,73.98,,1.57,47,0,0.00
01:00 - 01:59 pm,45,,146.68,3.26,,143.99,21,0.00,,0.00,47,1,2.69
02:00 - 02:59 pm,45,,174.99,3.89,,138.00,20,36.99,,0.82,44,0,0.00
03:00 - 03:59 pm,56,,113.97,2.04,,113.97,18,0.00,,0.00,32,0,0.00
04:00 - 04:59 pm,40,,199.95,5.00,,51.99,21,147.96,,3.70,53,0,0.00
05:00 - 05:59 pm,27,,36.99,1.37,,0.00,18,36.99,,1.37,67,0,0.00
06:00 - 06:59 pm,39,,67.99,1.74,,31.00,43,36.99,,0.95,110,0,0.00
07:00 - 07:59 pm,29,,89.66,3.09,,49.98,18,36.99,,1.28,62,1,2.69
08:00 - 08:59 pm,14,,28.00,2.00,,28.00,5,0.00,,0.00,36,0,0.00
09:00 - 09:59 pm,0,,0.00,0.00,,0.00,0,0.00,,0.00,0,0,0.00
10:00 - 10:59 pm,0,,2.69,0.00,,0.00,0,0.00,,0.00,0,1,2.69
11:00 - 11:59 pm,0,,0.00,0.00,,0.00,0,0.00,,0.00,0,0,0.00
08/10/2025,,,,,,,,,,,,,
00:00 - 00:59 am,0,,0.00,0.00,,0.00,0,0.00,,0.00,0,0,0.00
01:00 - 01:59 am,0,,0.00,0.00,,0.00,0,0.00,,0.00,0,0,0.00
02:00 - 02:59 am,0,,0.00,0.00,,0.00,0,0.00,,0.00,0,0,0.00
03:00 - 03:59 am,0,,0.00,0.00,,0.00,0,0.00,,0.00,0,0,0.00
04:00 - 04:59 am,0,,"3,904.39",0.00,,"3,904.39",0,0.00,,0.00,0,0,0.00
05:00 - 05:59 am,0,,0.00,0.00,,0.00,0,0.00,,0.00,0,0,0.00
06:00 - 06:59 am,0,,0.00,0.00,,0.00,0,0.00,,0.00,0,0,0.00
07:00 - 07:59 am,0,,2.69,0.00,,0.00,0,0.00,,0.00,0,1,2.69
08:00 - 08:59 am,0,,0.00,0.00,,0.00,0,0.00,,0.00,0,0,0.00
09:00 - 09:59 am,0,,0.00,0.00,,0.00,0,0.00,,0.00,0,0,0.00
10:00 - 10:59 am,0,,0.00,0.00,,0.00,0,0.00,,0.00,0,0,0.00
11:00 - 11:59 am,0,,0.00,0.00,,0.00,0,0.00,,0.00,0,0,0.00
12:00 - 12:59 pm,0,,0.00,0.00,,0.00,0,0.00,,0.00,0,0,0.00
01:00 - 01:59 pm,0,,0.00,0.00,,0.00,0,0.00,,0.00,0,0,0.00
02:00 - 02:59 pm,0,,0.00,0.00,,0.00,0,0.00,,0.00,0,0,0.00
03:00 - 03:59 pm,0,,0.00,0.00,,0.00,0,0.00,,0.00,0,0,0.00
04:00 - 04:59 pm,0,,0.00,0.00,,0.00,0,0.00,,0.00,0,0,0.00
05:00 - 05:59 pm,0,,0.00,0.00,,0.00,0,0.00,,0.00,0,0,0.00
06:00 - 06:59 pm,0,,0.00,0.00,,0.00,0,0.00,,0.00,0,0,0.00
07:00 - 07:59 pm,0,,0.00,0.00,,0.00,0,0.00,,0.00,0,0,0.00
08:00 - 08:59 pm,0,,0.00,0.00,,0.00,0,0.00,,0.00,0,0,0.00
09:00 - 09:59 pm,0,,0.00,0.00,,0.00,0,0.00,,0.00,0,0,0.00
10:00 - 10:59 pm,0,,0.00,0.00,,0.00,0,0.00,,0.00,0,0,0.00
11:00 - 11:59 pm,0,,0.00,0.00,,0.00,0,0.00,,0.00,0,0,0.00
08/11/2025,,,,,,,,,,,,,
00:00 - 00:59 am,0,,0.00,0.00,,0.00,0,0.00,,0.00,0,0,0.00
01:00 - 01:59 am,0,,0.00,0.00,,0.00,0,0.00,,0.00,0,0,0.00
02:00 - 02:59 am,0,,0.00,0.00,,0.00,0,0.00,,0.00,0,0,0.00
03:00 - 03:59 am,0,,0.00,0.00,,0.00,0,0.00,,0.00,0,0,0.00
04:00 - 04:59 am,0,,"4,044.36",0.00,,"4,044.36",0,0.00,,0.00,0,0,0.00
05:00 - 05:59 am,0,,0.00,0.00,,0.00,0,0.00,,0.00,0,0,0.00
06:00 - 06:59 am,3,,0.00,0.00,,0.00,0,0.00,,0.00,0,0,0.00
07:00 - 07:59 am,42,,28.00,0.67,,28.00,41,0.00,,0.00,98,0,0.00
08:00 - 08:59 am,28,,92.67,3.31,,89.98,14,0.00,,0.00,50,1,2.69
09:00 - 09:59 am,40,,67.99,1.70,,31.00,17,36.99,,0.92,43,0,0.00
10:00 - 10:59 am,53,,147.49,2.78,,110.50,44,36.99,,0.70,83,0,0.00
11:00 - 11:59 am,37,,181.53,4.91,,86.99,15,83.98,,2.27,41,4,10.56
12:00 - 12:59 pm,37,,60.00,1.62,,60.00,5,0.00,,0.00,14,0,0.00
01:00 - 01:59 pm,43,,30.00,0.70,,30.00,29,0.00,,0.00,67,0,0.00
02:00 - 02:59 pm,42,,179.49,4.27,,142.50,30,36.99,,0.88,71,0,0.00
03:00 - 03:59 pm,41,,42.00,1.02,,42.00,23,0.00,,0.00,56,0,0.00
04:00 - 04:59 pm,66,,198.98,3.01,,198.98,42,0.00,,0.00,64,0,0.00
05:00 - 05:59 pm,43,,72.69,1.69,,60.00,34,10.00,,0.23,79,1,2.69
06:00 - 06:59 pm,45,,101.00,2.24,,101.00,34,0.00,,0.00,76,0,0.00
07:00 - 07:59 pm,36,,62.00,1.72,,62.00,23,0.00,,0.00,64,0,0.00
08:00 - 08:59 pm,14,,13.69,0.98,,11.00,7,0.00,,0.00,50,1,2.69
09:00 - 09:59 pm,0,,0.00,0.00,,0.00,0,0.00,,0.00,0,0,0.00
10:00 - 10:59 pm,0,,2.69,0.00,,0.00,0,0.00,,0.00,0,1,2.69
11:00 - 11:59 pm,0,,0.00,0.00,,0.00,0,0.00,,0.00,0,0,0.00
08/12/2025,,,,,,,,,,,,,
00:00 - 00:59 am,0,,0.00,0.00,,0.00,0,0.00,,0.00,0,0,0.00
01:00 - 01:59 am,0,,0.00,0.00,,0.00,0,0.00,,0.00,0,0,0.00
02:00 - 02:59 am,0,,0.00,0.00,,0.00,0,0.00,,0.00,0,0,0.00
03:00 - 03:59 am,0,,0.00,0.00,,0.00,0,0.00,,0.00,0,0,0.00
04:00 - 04:59 am,0,,"3,371.99",0.00,,"3,371.99",0,0.00,,0.00,0,0,0.00
05:00 - 05:59 am,0,,0.00,0.00,,0.00,0,0.00,,0.00,0,0,0.00
06:00 - 06:59 am,1,,2.69,2.69,,0.00,0,0.00,,0.00,0,1,2.69
07:00 - 07:59 am,14,,17.00,1.21,,17.00,11,0.00,,0.00,79,0,0.00
08:00 - 08:59 am,29,,60.00,2.07,,60.00,19,0.00,,0.00,66,0,0.00
09:00 - 09:59 am,36,,24.69,0.69,,22.00,21,0.00,,0.00,58,1,2.69
10:00 - 10:59 am,32,,107.00,3.34,,107.00,12,0.00,,0.00,38,0,0.00
11:00 - 11:59 am,42,,190.97,4.55,,153.98,20,36.99,,0.88,48,0,0.00
12:00 - 12:59 pm,37,,44.00,1.19,,44.00,19,0.00,,0.00,51,0,0.00
01:00 - 01:59 pm,43,,94.00,2.19,,84.00,30,10.00,,0.23,70,0,0.00
02:00 - 02:59 pm,39,,167.98,4.31,,130.99,17,36.99,,0.95,44,0,0.00
03:00 - 03:59 pm,59,,115.99,1.97,,79.00,31,36.99,,0.63,53,0,0.00
04:00 - 04:59 pm,53,,55.00,1.04,,55.00,26,0.00,,0.00,49,0,0.00
05:00 - 05:59 pm,36,,54.00,1.50,,54.00,19,0.00,,0.00,53,0,0.00
06:00 - 06:59 pm,41,,43.00,1.05,,43.00,15,0.00,,0.00,37,0,0.00
07:00 - 07:59 pm,34,,49.00,1.44,,49.00,24,0.00,,0.00,71,0,0.00
08:00 - 08:59 pm,17,,0.00,0.00,,0.00,9,0.00,,0.00,53,0,0.00
09:00 - 09:59 pm,0,,0.00,0.00,,0.00,0,0.00,,0.00,0,0,0.00
10:00 - 10:59 pm,0,,0.00,0.00,,0.00,0,0.00,,0.00,0,0,0.00
11:00 - 11:59 pm,0,,0.00,0.00,,0.00,0,0.00,,0.00,0,0,0.00
08/13/2025,,,,,,,,,,,,,
00:00 - 00:59 am,0,,0.00,0.00,,0.00,0,0.00,,0.00,0,0,0.00
01:00 - 01:59 am,0,,0.00,0.00,,0.00,0,0.00,,0.00,0,0,0.00
02:00 - 02:59 am,0,,0.00,0.00,,0.00,0,0.00,,0.00,0,0,0.00
03:00 - 03:59 am,0,,0.00,0.00,,0.00,0,0.00,,0.00,0,0,0.00
04:00 - 04:59 am,0,,"3,448.03",0.00,,"3,448.03",0,0.00,,0.00,0,0,0.00
05:00 - 05:59 am,0,,0.00,0.00,,0.00,0,0.00,,0.00,0,0,0.00
06:00 - 06:59 am,1,,0.00,0.00,,0.00,0,0.00,,0.00,0,0,0.00
07:00 - 07:59 am,26,,10.00,0.38,,10.00,22,0.00,,0.00,85,0,0.00
08:00 - 08:59 am,31,,140.67,4.54,,100.99,25,36.99,,1.19,81,1,2.69
09:00 - 09:59 am,39,,110.98,2.85,,73.99,16,36.99,,0.95,41,0,0.00
10:00 - 10:59 am,31,,132.99,4.29,,122.99,11,10.00,,0.32,35,0,0.00
11:00 - 11:59 am,36,,37.99,1.06,,1.00,15,36.99,,1.03,42,0,0.00
12:00 - 12:59 pm,40,,61.00,1.53,,61.00,22,0.00,,0.00,55,0,0.00
01:00 - 01:59 pm,33,,52.00,1.58,,52.00,12,0.00,,0.00,36,0,0.00
02:00 - 02:59 pm,31,,99.00,3.19,,99.00,14,0.00,,0.00,45,0,0.00
03:00 - 03:59 pm,27,,47.99,1.78,,11.00,18,36.99,,1.37,67,0,0.00
04:00 - 04:59 pm,31,,65.00,2.10,,65.00,16,0.00,,0.00,52,0,0.00
05:00 - 05:59 pm,35,,32.00,0.91,,32.00,12,0.00,,0.00,34,0,0.00
06:00 - 06:59 pm,39,,11.00,0.28,,11.00,19,0.00,,0.00,49,0,0.00
07:00 - 07:59 pm,34,,38.00,1.12,,38.00,8,0.00,,0.00,24,0,0.00
08:00 - 08:59 pm,10,,22.00,2.20,,22.00,4,0.00,,0.00,40,0,0.00
09:00 - 09:59 pm,0,,0.00,0.00,,0.00,0,0.00,,0.00,0,0,0.00
10:00 - 10:59 pm,0,,0.00,0.00,,0.00,0,0.00,,0.00,0,0,0.00
11:00 - 11:59 pm,0,,0.00,0.00,,0.00,0,0.00,,0.00,0,0,0.00
08/14/2025,,,,,,,,,,,,,
00:00 - 00:59 am,0,,0.00,0.00,,0.00,0,0.00,,0.00,0,0,0.00
01:00 - 01:59 am,0,,0.00,0.00,,0.00,0,0.00,,0.00,0,0,0.00
02:00 - 02:59 am,0,,0.00,0.00,,0.00,0,0.00,,0.00,0,0,0.00
03:00 - 03:59 am,0,,0.00,0.00,,0.00,0,0.00,,0.00,0,0,0.00
04:00 - 04:59 am,0,,"3,769.21",0.00,,"3,769.21",0,0.00,,0.00,0,0,0.00
05:00 - 05:59 am,0,,0.00,0.00,,0.00,0,0.00,,0.00,0,0,0.00
06:00 - 06:59 am,2,,0.00,0.00,,0.00,0,0.00,,0.00,0,0,0.00
07:00 - 07:59 am,12,,23.00,1.92,,23.00,7,0.00,,0.00,58,0,0.00
08:00 - 08:59 am,29,,105.37,3.63,,99.99,15,0.00,,0.00,52,2,5.38
09:00 - 09:59 am,17,,36.99,2.18,,36.99,11,0.00,,0.00,65,0,0.00
10:00 - 10:59 am,23,,120.93,5.26,,78.98,14,41.95,,1.82,61,0,0.00
11:00 - 11:59 am,33,,121.67,3.69,,118.98,19,0.00,,0.00,58,1,2.69
12:00 - 12:59 pm,26,,99.95,3.84,,58.00,11,41.95,,1.61,42,0,0.00
01:00 - 01:59 pm,40,,116.00,2.90,,116.00,21,0.00,,0.00,53,0,0.00
02:00 - 02:59 pm,33,,115.99,3.51,,79.00,27,36.99,,1.12,82,0,0.00
03:00 - 03:59 pm,39,,70.00,1.79,,70.00,18,0.00,,0.00,46,0,0.00
04:00 - 04:59 pm,30,,109.26,3.64,,(3.00),18,110.97,,3.70,60,1,1.29
05:00 - 05:59 pm,47,,136.97,2.91,,136.97,16,0.00,,0.00,34,0,0.00
06:00 - 06:59 pm,36,,116.99,3.25,,116.99,21,0.00,,0.00,58,0,0.00
07:00 - 07:59 pm,26,,0.00,0.00,,0.00,9,0.00,,0.00,35,0,0.00
08:00 - 08:59 pm,14,,11.00,0.79,,11.00,9,0.00,,0.00,64,0,0.00
09:00 - 09:59 pm,0,,0.00,0.00,,0.00,0,0.00,,0.00,0,0,0.00
10:00 - 10:59 pm,0,,0.00,0.00,,0.00,0,0.00,,0.00,0,0,0.00
11:00 - 11:59 pm,0,,0.00,0.00,,0.00,0,0.00,,0.00,0,0,0.00
08/15/2025,,,,,,,,,,,,,
00:00 - 00:59 am,0,,0.00,0.00,,0.00,0,0.00,,0.00,0,0,0.00
01:00 - 01:59 am,0,,0.00,0.00,,0.00,0,0.00,,0.00,0,0,0.00
02:00 - 02:59 am,0,,0.00,0.00,,0.00,0,0.00,,0.00,0,0,0.00
03:00 - 03:59 am,0,,0.00,0.00,,0.00,0,0.00,,0.00,0,0,0.00
04:00 - 04:59 am,0,,"2,927.27",0.00,,"2,927.27",0,0.00,,0.00,0,0,0.00
05:00 - 05:59 am,0,,0.00,0.00,,0.00,0,0.00,,0.00,0,0,0.00
06:00 - 06:59 am,2,,0.00,0.00,,0.00,0,0.00,,0.00,0,0,0.00
07:00 - 07:59 am,17,,2.69,0.16,,0.00,10,0.00,,0.00,59,1,2.69
08:00 - 08:59 am,37,,39.38,1.06,,34.00,20,0.00,,0.00,54,2,5.38
09:00 - 09:59 am,31,,40.98,1.32,,(33.00),19,73.98,,2.39,61,0,0.00
10:00 - 10:59 am,37,,53.99,1.46,,17.00,20,36.99,,1.00,54,0,0.00
11:00 - 11:59 am,35,,68.95,1.97,,68.95,23,0.00,,0.00,66,0,0.00
12:00 - 12:59 pm,44,,76.69,1.74,,74.00,30,0.00,,0.00,68,1,2.69
01:00 - 01:59 pm,55,,69.99,1.27,,69.99,36,0.00,,0.00,65,0,0.00
02:00 - 02:59 pm,41,,122.18,2.98,,82.50,31,36.99,,0.90,76,1,2.69
03:00 - 03:59 pm,52,,86.95,1.67,,45.00,28,41.95,,0.81,54,0,0.00
04:00 - 04:59 pm,45,,71.00,1.58,,61.00,19,10.00,,0.22,42,0,0.00
05:00 - 05:59 pm,40,,82.99,2.07,,46.00,27,36.99,,0.92,68,0,0.00
06:00 - 06:59 pm,50,,33.00,0.66,,33.00,28,0.00,,0.00,56,0,0.00
07:00 - 07:59 pm,32,,41.99,1.31,,41.99,13,0.00,,0.00,41,0,0.00
08:00 - 08:59 pm,9,,28.00,3.11,,28.00,3,0.00,,0.00,33,0,0.00
09:00 - 09:59 pm,0,,0.00,0.00,,0.00,0,0.00,,0.00,0,0,0.00
10:00 - 10:59 pm,0,,0.00,0.00,,0.00,0,0.00,,0.00,0,0,0.00
11:00 - 11:59 pm,0,,0.00,0.00,,0.00,0,0.00,,0.00,0,0,0.00
08/16/2025,,,,,,,,,,,,,
00:00 - 00:59 am,0,,0.00,0.00,,0.00,0,0.00,,0.00,0,0,0.00
01:00 - 01:59 am,0,,0.00,0.00,,0.00,0,0.00,,0.00,0,0,0.00
02:00 - 02:59 am,0,,0.00,0.00,,0.00,0,0.00,,0.00,0,0,0.00
03:00 - 03:59 am,0,,0.00,0.00,,0.00,0,0.00,,0.00,0,0,0.00
04:00 - 04:59 am,0,,"4,013.40",0.00,,"4,013.40",0,0.00,,0.00,0,0,0.00
05:00 - 05:59 am,0,,0.00,0.00,,0.00,0,0.00,,0.00,0,0,0.00
06:00 - 06:59 am,0,,0.00,0.00,,0.00,2,0.00,,0.00,0,0,0.00
07:00 - 07:59 am,12,,71.99,6.00,,71.99,3,0.00,,0.00,25,0,0.00
08:00 - 08:59 am,32,,59.99,1.87,,59.99,26,0.00,,0.00,81,0,0.00
09:00 - 09:59 am,61,,103.99,1.70,,103.99,31,0.00,,0.00,51,0,0.00
10:00 - 10:59 am,58,,87.00,1.50,,87.00,39,0.00,,0.00,67,0,0.00
11:00 - 11:59 am,49,,116.99,2.39,,70.00,19,46.99,,0.96,39,0,0.00
12:00 - 12:59 pm,62,,166.00,2.68,,166.00,20,0.00,,0.00,32,0,0.00
01:00 - 01:59 pm,66,,127.00,1.92,,127.00,32,0.00,,0.00,48,0,0.00
02:00 - 02:59 pm,62,,221.68,3.58,,182.00,32,36.99,,0.60,52,1,2.69
03:00 - 03:59 pm,60,,196.99,3.28,,160.00,31,36.99,,0.62,52,0,0.00
04:00 - 04:59 pm,46,,141.97,3.09,,67.99,20,73.98,,1.61,43,0,0.00
05:00 - 05:59 pm,18,,50.00,2.78,,50.00,7,0.00,,0.00,39,0,0.00
06:00 - 06:59 pm,48,,59.99,1.25,,23.00,31,36.99,,0.77,65,0,0.00
07:00 - 07:59 pm,47,,11.00,0.23,,11.00,17,0.00,,0.00,36,0,0.00
08:00 - 08:59 pm,34,,22.00,0.65,,22.00,13,0.00,,0.00,38,0,0.00
09:00 - 09:59 pm,0,,0.00,0.00,,0.00,0,0.00,,0.00,0,0,0.00
10:00 - 10:59 pm,0,,0.00,0.00,,0.00,0,0.00,,0.00,0,0,0.00
11:00 - 11:59 pm,0,,0.00,0.00,,0.00,0,0.00,,0.00,0,0,0.00
08/17/2025,,,,,,,,,,,,,
00:00 - 00:59 am,0,,0.00,0.00,,0.00,0,0.00,,0.00,0,0,0.00
01:00 - 01:59 am,0,,0.00,0.00,,0.00,0,0.00,,0.00,0,0,0.00
02:00 - 02:59 am,0,,0.00,0.00,,0.00,0,0.00,,0.00,0,0,0.00
03:00 - 03:59 am,0,,0.00,0.00,,0.00,0,0.00,,0.00,0,0,0.00
04:00 - 04:59 am,0,,"3,217.96",0.00,,"3,217.96",0,0.00,,0.00,0,0,0.00
05:00 - 05:59 am,0,,0.00,0.00,,0.00,0,0.00,,0.00,0,0,0.00
06:00 - 06:59 am,0,,0.00,0.00,,0.00,0,0.00,,0.00,0,0,0.00
07:00 - 07:59 am,0,,0.00,0.00,,0.00,0,0.00,,0.00,0,0,0.00
08:00 - 08:59 am,0,,0.00,0.00,,0.00,0,0.00,,0.00,0,0,0.00
09:00 - 09:59 am,0,,0.00,0.00,,0.00,0,0.00,,0.00,0,0,0.00
10:00 - 10:59 am,0,,0.00,0.00,,0.00,0,0.00,,0.00,0,0,0.00
11:00 - 11:59 am,0,,0.00,0.00,,0.00,0,0.00,,0.00,0,0,0.00
12:00 - 12:59 pm,0,,0.00,0.00,,0.00,0,0.00,,0.00,0,0,0.00
01:00 - 01:59 pm,0,,0.00,0.00,,0.00,0,0.00,,0.00,0,0,0.00
02:00 - 02:59 pm,0,,0.00,0.00,,0.00,0,0.00,,0.00,0,0,0.00
03:00 - 03:59 pm,0,,0.00,0.00,,0.00,0,0.00,,0.00,0,0,0.00
04:00 - 04:59 pm,0,,0.00,0.00,,0.00,0,0.00,,0.00,0,0,0.00
05:00 - 05:59 pm,0,,0.00,0.00,,0.00,0,0.00,,0.00,0,0,0.00
06:00 - 06:59 pm,0,,0.00,0.00,,0.00,0,0.00,,0.00,0,0,0.00
07:00 - 07:59 pm,0,,0.00,0.00,,0.00,0,0.00,,0.00,0,0,0.00
08:00 - 08:59 pm,0,,0.00,0.00,,0.00,0,0.00,,0.00,0,0,0.00
09:00 - 09:59 pm,0,,0.00,0.00,,0.00,0,0.00,,0.00,0,0,0.00
10:00 - 10:59 pm,0,,0.00,0.00,,0.00,0,0.00,,0.00,0,0,0.00
11:00 - 11:59 pm,0,,0.00,0.00,,0.00,0,0.00,,0.00,0,0,0.00
08/18/2025,,,,,,,,,,,,,
00:00 - 00:59 am,0,,0.00,0.00,,0.00,0,0.00,,0.00,0,0,0.00
01:00 - 01:59 am,0,,0.00,0.00,,0.00,0,0.00,,0.00,0,0,0.00
02:00 - 02:59 am,0,,0.00,0.00,,0.00,0,0.00,,0.00,0,0,0.00
03:00 - 03:59 am,0,,0.00,0.00,,0.00,0,0.00,,0.00,0,0,0.00
04:00 - 04:59 am,0,,"2,504.14",0.00,,"2,504.14",0,0.00,,0.00,0,0,0.00
05:00 - 05:59 am,0,,0.00,0.00,,0.00,0,0.00,,0.00,0,0,0.00
06:00 - 06:59 am,3,,2.69,0.90,,0.00,0,0.00,,0.00,0,1,2.69
07:00 - 07:59 am,42,,27.00,0.64,,27.00,28,0.00,,0.00,67,0,0.00
08:00 - 08:59 am,86,,83.00,0.97,,83.00,71,0.00,,0.00,83,0,0.00
09:00 - 09:59 am,60,,82.00,1.37,,82.00,34,0.00,,0.00,57,0,0.00
10:00 - 10:59 am,93,,226.99,2.44,,190.00,39,36.99,,0.40,42,0,0.00
11:00 - 11:59 am,72,,92.99,1.29,,56.00,37,36.99,,0.51,51,0,0.00
12:00 - 12:59 pm,83,,167.99,2.02,,131.00,45,36.99,,0.45,54,0,0.00
01:00 - 01:59 pm,51,,46.69,0.92,,44.00,25,0.00,,0.00,49,1,2.69
02:00 - 02:59 pm,48,,72.00,1.50,,72.00,18,0.00,,0.00,38,0,0.00
03:00 - 03:59 pm,67,,149.98,2.24,,149.98,59,0.00,,0.00,88,0,0.00
04:00 - 04:59 pm,68,,134.98,1.99,,134.98,44,0.00,,0.00,65,0,0.00
05:00 - 05:59 pm,64,,156.46,2.44,,8.50,44,147.96,,2.31,69,0,0.00
06:00 - 06:59 pm,57,,156.48,2.75,,119.49,35,36.99,,0.65,61,0,0.00
07:00 - 07:59 pm,42,,23.00,0.55,,23.00,30,0.00,,0.00,71,0,0.00
08:00 - 08:59 pm,30,,21.00,0.70,,21.00,17,0.00,,0.00,57,0,0.00
09:00 - 09:59 pm,0,,0.00,0.00,,0.00,0,0.00,,0.00,0,0,0.00
10:00 - 10:59 pm,0,,0.00,0.00,,0.00,0,0.00,,0.00,0,0,0.00
11:00 - 11:59 pm,0,,0.00,0.00,,0.00,0,0.00,,0.00,0,0,0.00
08/19/2025,,,,,,,,,,,,,
00:00 - 00:59 am,0,,0.00,0.00,,0.00,0,0.00,,0.00,0,0,0.00
01:00 - 01:59 am,0,,0.00,0.00,,0.00,0,0.00,,0.00,0,0,0.00
02:00 - 02:59 am,0,,0.00,0.00,,0.00,0,0.00,,0.00,0,0,0.00
03:00 - 03:59 am,0,,0.00,0.00,,0.00,0,0.00,,0.00,0,0,0.00
04:00 - 04:59 am,0,,"4,422.37",0.00,,"4,422.37",0,0.00,,0.00,0,0,0.00
05:00 - 05:59 am,0,,0.00,0.00,,0.00,0,0.00,,0.00,0,0,0.00
06:00 - 06:59 am,1,,0.00,0.00,,0.00,0,0.00,,0.00,0,0,0.00
07:00 - 07:59 am,25,,22.00,0.88,,22.00,15,0.00,,0.00,60,0,0.00
08:00 - 08:59 am,32,,0.00,0.00,,0.00,23,0.00,,0.00,72,0,0.00
09:00 - 09:59 am,45,,102.99,2.29,,65.00,20,36.99,,0.82,44,1,1.00
10:00 - 10:59 am,52,,84.00,1.62,,84.00,22,0.00,,0.00,42,0,0.00
11:00 - 11:59 am,46,,114.99,2.50,,114.99,31,0.00,,0.00,67,0,0.00
12:00 - 12:59 pm,45,,50.00,1.11,,50.00,17,0.00,,0.00,38,0,0.00
01:00 - 01:59 pm,38,,131.99,3.47,,95.00,19,36.99,,0.97,50,0,0.00
02:00 - 02:59 pm,34,,100.67,2.96,,24.00,20,73.98,,2.18,59,1,2.69
03:00 - 03:59 pm,49,,213.98,4.37,,213.98,22,0.00,,0.00,45,0,0.00
04:00 - 04:59 pm,54,,161.42,2.99,,119.99,23,36.99,,0.69,43,2,4.44
05:00 - 05:59 pm,37,,74.99,2.03,,38.00,14,36.99,,1.00,38,0,0.00
06:00 - 06:59 pm,41,,183.95,4.49,,35.99,25,147.96,,3.61,61,0,0.00
07:00 - 07:59 pm,41,,131.00,3.20,,131.00,18,0.00,,0.00,44,0,0.00
08:00 - 08:59 pm,17,,23.00,1.35,,23.00,11,0.00,,0.00,65,0,0.00
09:00 - 09:59 pm,0,,0.00,0.00,,0.00,0,0.00,,0.00,0,0,0.00
10:00 - 10:59 pm,0,,2.69,0.00,,0.00,0,0.00,,0.00,0,1,2.69
11:00 - 11:59 pm,0,,0.00,0.00,,0.00,0,0.00,,0.00,0,0,0.00
08/20/2025,,,,,,,,,,,,,
00:00 - 00:59 am,0,,0.00,0.00,,0.00,0,0.00,,0.00,0,0,0.00
01:00 - 01:59 am,0,,0.00,0.00,,0.00,0,0.00,,0.00,0,0,0.00
02:00 - 02:59 am,0,,0.00,0.00,,0.00,0,0.00,,0.00,0,0,0.00
03:00 - 03:59 am,1,,0.00,0.00,,0.00,0,0.00,,0.00,0,0,0.00
04:00 - 04:59 am,0,,"2,977.80",0.00,,"2,977.80",0,0.00,,0.00,0,0,0.00
05:00 - 05:59 am,0,,0.00,0.00,,0.00,0,0.00,,0.00,0,0,0.00
06:00 - 06:59 am,0,,0.00,0.00,,0.00,0,0.00,,0.00,0,0,0.00
07:00 - 07:59 am,1,,0.00,0.00,,0.00,0,0.00,,0.00,0,0,0.00
08:00 - 08:59 am,1,,10.00,10.00,,10.00,0,0.00,,0.00,0,0,0.00
09:00 - 09:59 am,31,,59.24,1.91,,21.00,20,36.99,,1.19,65,1,1.25
10:00 - 10:59 am,40,,110.98,2.77,,37.00,18,73.98,,1.85,45,0,0.00
11:00 - 11:59 am,45,,136.97,3.04,,89.98,32,46.99,,1.04,71,0,0.00
12:00 - 12:59 pm,35,,65.98,1.89,,28.99,30,36.99,,1.06,86,0,0.00
01:00 - 01:59 pm,49,,172.98,3.53,,172.98,24,0.00,,0.00,49,0,0.00
02:00 - 02:59 pm,36,,34.00,0.94,,34.00,19,0.00,,0.00,53,0,0.00
03:00 - 03:59 pm,40,,117.24,2.93,,80.25,26,36.99,,0.92,65,0,0.00
04:00 - 04:59 pm,37,,86.99,2.35,,86.99,20,0.00,,0.00,54,0,0.00
05:00 - 05:59 pm,46,,39.00,0.85,,39.00,18,0.00,,0.00,39,0,0.00
06:00 - 06:59 pm,33,,60.00,1.82,,60.00,21,0.00,,0.00,64,0,0.00
07:00 - 07:59 pm,20,,19.99,1.00,,19.99,9,0.00,,0.00,45,0,0.00
08:00 - 08:59 pm,7,,0.00,0.00,,0.00,4,0.00,,0.00,57,0,0.00
09:00 - 09:59 pm,0,,0.00,0.00,,0.00,0,0.00,,0.00,0,0,0.00
10:00 - 10:59 pm,0,,0.00,0.00,,0.00,0,0.00,,0.00,0,0,0.00
11:00 - 11:59 pm,0,,0.00,0.00,,0.00,0,0.00,,0.00,0,0,0.00
08/21/2025,,,,,,,,,,,,,
00:00 - 00:59 am,0,,0.00,0.00,,0.00,0,0.00,,0.00,0,0,0.00
01:00 - 01:59 am,0,,0.00,0.00,,0.00,0,0.00,,0.00,0,0,0.00
02:00 - 02:59 am,0,,0.00,0.00,,0.00,0,0.00,,0.00,0,0,0.00
03:00 - 03:59 am,0,,0.00,0.00,,0.00,0,0.00,,0.00,0,0,0.00
04:00 - 04:59 am,0,,"3,703.53",0.00,,"3,703.53",0,0.00,,0.00,0,0,0.00
05:00 - 05:59 am,0,,0.00,0.00,,0.00,0,0.00,,0.00,0,0,0.00
06:00 - 06:59 am,1,,0.00,0.00,,0.00,0,0.00,,0.00,0,0,0.00
07:00 - 07:59 am,23,,28.00,1.22,,28.00,16,0.00,,0.00,70,0,0.00
08:00 - 08:59 am,26,,54.38,2.09,,49.00,8,0.00,,0.00,31,2,5.38
09:00 - 09:59 am,33,,49.75,1.51,,49.00,14,0.00,,0.00,42,1,0.75
10:00 - 10:59 am,31,,96.99,3.13,,96.99,12,0.00,,0.00,39,0,0.00
11:00 - 11:59 am,31,,35.99,1.16,,(1.00),10,36.99,,1.19,32,0,0.00
12:00 - 12:59 pm,36,,56.00,1.56,,56.00,14,0.00,,0.00,39,0,0.00
01:00 - 01:59 pm,38,,70.00,1.84,,70.00,15,0.00,,0.00,39,0,0.00
02:00 - 02:59 pm,34,,55.00,1.62,,55.00,16,0.00,,0.00,47,0,0.00
03:00 - 03:59 pm,32,,59.93,1.87,,19.00,28,36.99,,1.16,88,2,3.94
04:00 - 04:59 pm,46,,60.08,1.31,,56.00,30,0.00,,0.00,65,2,4.08
05:00 - 05:59 pm,53,,42.00,0.79,,42.00,49,0.00,,0.00,92,0,0.00
06:00 - 06:59 pm,36,,0.00,0.00,,0.00,25,0.00,,0.00,69,0,0.00
07:00 - 07:59 pm,13,,39.00,3.00,,39.00,2,0.00,,0.00,15,0,0.00
08:00 - 08:59 pm,12,,11.00,0.92,,11.00,4,0.00,,0.00,33,0,0.00
09:00 - 09:59 pm,0,,0.00,0.00,,0.00,0,0.00,,0.00,0,0,0.00
10:00 - 10:59 pm,0,,0.00,0.00,,0.00,0,0.00,,0.00,0,0,0.00
11:00 - 11:59 pm,0,,0.00,0.00,,0.00,0,0.00,,0.00,0,0,0.00
08/22/2025,,,,,,,,,,,,,
00:00 - 00:59 am,0,,0.00,0.00,,0.00,0,0.00,,0.00,0,0,0.00
01:00 - 01:59 am,0,,0.00,0.00,,0.00,0,0.00,,0.00,0,0,0.00
02:00 - 02:59 am,0,,0.00,0.00,,0.00,0,0.00,,0.00,0,0,0.00
03:00 - 03:59 am,0,,0.00,0.00,,0.00,0,0.00,,0.00,0,0,0.00
04:00 - 04:59 am,0,,"3,373.10",0.00,,"3,373.10",0,0.00,,0.00,0,0,0.00
05:00 - 05:59 am,0,,0.00,0.00,,0.00,0,0.00,,0.00,0,0,0.00
06:00 - 06:59 am,1,,0.00,0.00,,0.00,0,0.00,,0.00,0,0,0.00
07:00 - 07:59 am,22,,10.00,0.45,,10.00,19,0.00,,0.00,86,0,0.00
08:00 - 08:59 am,34,,44.00,1.29,,44.00,14,0.00,,0.00,41,0,0.00
09:00 - 09:59 am,41,,0.00,0.00,,0.00,25,0.00,,0.00,61,0,0.00
10:00 - 10:59 am,49,,86.99,1.78,,50.00,31,36.99,,0.75,63,0,0.00
11:00 - 11:59 am,46,,39.00,0.85,,39.00,20,0.00,,0.00,43,0,0.00
12:00 - 12:59 pm,47,,61.00,1.30,,61.00,22,0.00,,0.00,47,0,0.00
01:00 - 01:59 pm,51,,108.99,2.14,,72.00,12,36.99,,0.73,24,0,0.00
02:00 - 02:59 pm,45,,135.99,3.02,,135.99,25,0.00,,0.00,56,0,0.00
03:00 - 03:59 pm,51,,119.49,2.34,,119.49,32,0.00,,0.00,63,0,0.00
04:00 - 04:59 pm,61,,67.00,1.10,,67.00,34,0.00,,0.00,56,0,0.00
05:00 - 05:59 pm,53,,106.99,2.02,,106.99,45,0.00,,0.00,85,0,0.00
06:00 - 06:59 pm,41,,81.00,1.98,,81.00,25,0.00,,0.00,61,0,0.00
07:00 - 07:59 pm,31,,109.00,3.52,,109.00,8,0.00,,0.00,26,0,0.00
08:00 - 08:59 pm,13,,57.00,4.38,,57.00,5,0.00,,0.00,38,0,0.00
09:00 - 09:59 pm,0,,0.00,0.00,,0.00,0,0.00,,0.00,0,0,0.00
10:00 - 10:59 pm,0,,0.00,0.00,,0.00,0,0.00,,0.00,0,0,0.00
11:00 - 11:59 pm,0,,0.00,0.00,,0.00,0,0.00,,0.00,0,0,0.00
08/23/2025,,,,,,,,,,,,,
00:00 - 00:59 am,0,,0.00,0.00,,0.00,0,0.00,,0.00,0,0,0.00
01:00 - 01:59 am,0,,0.00,0.00,,0.00,0,0.00,,0.00,0,0,0.00
02:00 - 02:59 am,0,,0.00,0.00,,0.00,0,0.00,,0.00,0,0,0.00
03:00 - 03:59 am,0,,0.00,0.00,,0.00,0,0.00,,0.00,0,0,0.00
04:00 - 04:59 am,0,,"3,115.14",0.00,,"3,115.14",0,0.00,,0.00,0,0,0.00
05:00 - 05:59 am,0,,0.00,0.00,,0.00,0,0.00,,0.00,0,0,0.00
06:00 - 06:59 am,0,,0.00,0.00,,0.00,0,0.00,,0.00,0,0,0.00
07:00 - 07:59 am,13,,44.00,3.38,,44.00,13,0.00,,0.00,100,0,0.00
08:00 - 08:59 am,36,,51.00,1.42,,51.00,23,0.00,,0.00,64,0,0.00
09:00 - 09:59 am,44,,49.99,1.14,,13.00,30,36.99,,0.84,68,0,0.00
10:00 - 10:59 am,47,,125.98,2.68,,88.99,25,36.99,,0.79,53,0,0.00
11:00 - 11:59 am,58,,198.98,3.43,,161.99,33,36.99,,0.64,57,0,0.00
12:00 - 12:59 pm,61,,139.99,2.29,,139.99,35,0.00,,0.00,57,0,0.00
01:00 - 01:59 pm,47,,118.48,2.52,,116.98,28,0.00,,0.00,60,1,1.50
02:00 - 02:59 pm,35,,94.00,2.69,,94.00,10,0.00,,0.00,29,0,0.00
03:00 - 03:59 pm,45,,71.69,1.59,,69.00,30,0.00,,0.00,67,1,2.69
04:00 - 04:59 pm,37,,130.98,3.54,,57.00,23,73.98,,2.00,62,0,0.00
05:00 - 05:59 pm,50,,19.99,0.40,,19.99,33,0.00,,0.00,66,0,0.00
06:00 - 06:59 pm,27,,30.00,1.11,,30.00,9,0.00,,0.00,33,0,0.00
07:00 - 07:59 pm,35,,27.00,0.77,,27.00,23,0.00,,0.00,66,0,0.00
08:00 - 08:59 pm,11,,14.94,1.36,,11.00,5,0.00,,0.00,45,2,3.94
09:00 - 09:59 pm,0,,0.00,0.00,,0.00,0,0.00,,0.00,0,0,0.00
10:00 - 10:59 pm,0,,0.00,0.00,,0.00,0,0.00,,0.00,0,0,0.00
11:00 - 11:59 pm,0,,0.00,0.00,,0.00,0,0.00,,0.00,0,0,0.00
08/24/2025,,,,,,,,,,,,,
00:00 - 00:59 am,0,,0.00,0.00,,0.00,0,0.00,,0.00,0,0,0.00
01:00 - 01:59 am,0,,0.00,0.00,,0.00,0,0.00,,0.00,0,0,0.00
02:00 - 02:59 am,0,,0.00,0.00,,0.00,0,0.00,,0.00,0,0,0.00
03:00 - 03:59 am,0,,0.00,0.00,,0.00,0,0.00,,0.00,0,0,0.00
04:00 - 04:59 am,0,,"3,112.38",0.00,,"3,112.38",0,0.00,,0.00,0,0,0.00
05:00 - 05:59 am,0,,0.00,0.00,,0.00,0,0.00,,0.00,0,0,0.00
06:00 - 06:59 am,0,,0.00,0.00,,0.00,0,0.00,,0.00,0,0,0.00
07:00 - 07:59 am,0,,0.00,0.00,,0.00,0,0.00,,0.00,0,0,0.00
08:00 - 08:59 am,0,,0.00,0.00,,0.00,0,0.00,,0.00,0,0,0.00
09:00 - 09:59 am,0,,0.00,0.00,,0.00,0,0.00,,0.00,0,0,0.00
10:00 - 10:59 am,0,,0.00,0.00,,0.00,0,0.00,,0.00,0,0,0.00
11:00 - 11:59 am,0,,0.00,0.00,,0.00,0,0.00,,0.00,0,0,0.00
12:00 - 12:59 pm,0,,0.00,0.00,,0.00,0,0.00,,0.00,0,0,0.00
01:00 - 01:59 pm,0,,0.00,0.00,,0.00,0,0.00,,0.00,0,0,0.00
02:00 - 02:59 pm,0,,0.00,0.00,,0.00,0,0.00,,0.00,0,0,0.00
03:00 - 03:59 pm,0,,0.00,0.00,,0.00,0,0.00,,0.00,0,0,0.00
04:00 - 04:59 pm,0,,0.00,0.00,,0.00,0,0.00,,0.00,0,0,0.00
05:00 - 05:59 pm,0,,0.00,0.00,,0.00,0,0.00,,0.00,0,0,0.00
06:00 - 06:59 pm,0,,0.00,0.00,,0.00,0,0.00,,0.00,0,0,0.00
07:00 - 07:59 pm,0,,0.00,0.00,,0.00,0,0.00,,0.00,0,0,0.00
08:00 - 08:59 pm,0,,0.00,0.00,,0.00,0,0.00,,0.00,0,0,0.00
09:00 - 09:59 pm,0,,0.00,0.00,,0.00,0,0.00,,0.00,0,0,0.00
10:00 - 10:59 pm,0,,0.00,0.00,,0.00,0,0.00,,0.00,0,0,0.00
11:00 - 11:59 pm,0,,0.00,0.00,,0.00,0,0.00,,0.00,0,0,0.00
08/25/2025,,,,,,,,,,,,,
00:00 - 00:59 am,0,,0.00,0.00,,0.00,0,0.00,,0.00,0,0,0.00
01:00 - 01:59 am,0,,0.00,0.00,,0.00,0,0.00,,0.00,0,0,0.00
02:00 - 02:59 am,0,,0.00,0.00,,0.00,0,0.00,,0.00,0,0,0.00
03:00 - 03:59 am,0,,0.00,0.00,,0.00,0,0.00,,0.00,0,0,0.00
04:00 - 04:59 am,0,,"2,649.93",0.00,,"2,649.93",0,0.00,,0.00,0,0,0.00
05:00 - 05:59 am,0,,0.00,0.00,,0.00,0,0.00,,0.00,0,0,0.00
06:00 - 06:59 am,2,,0.00,0.00,,0.00,0,0.00,,0.00,0,0,0.00
07:00 - 07:59 am,33,,0.00,0.00,,0.00,23,0.00,,0.00,70,0,0.00
08:00 - 08:59 am,34,,0.00,0.00,,0.00,18,0.00,,0.00,53,0,0.00
09:00 - 09:59 am,39,,57.99,1.49,,57.99,17,0.00,,0.00,44,0,0.00
10:00 - 10:59 am,35,,10.00,0.29,,10.00,19,0.00,,0.00,54,0,0.00
11:00 - 11:59 am,48,,89.99,1.87,,89.99,12,0.00,,0.00,25,0,0.00
12:00 - 12:59 pm,47,,22.99,0.49,,(14.00),24,36.99,,0.79,51,0,0.00
01:00 - 01:59 pm,46,,37.99,0.83,,1.00,21,36.99,,0.80,46,0,0.00
02:00 - 02:59 pm,44,,64.99,1.48,,28.00,33,36.99,,0.84,75,0,0.00
03:00 - 03:59 pm,35,,94.95,2.71,,53.00,15,41.95,,1.20,43,0,0.00
04:00 - 04:59 pm,35,,29.00,0.83,,29.00,16,0.00,,0.00,46,0,0.00
05:00 - 05:59 pm,24,,19.99,0.83,,19.99,16,0.00,,0.00,67,0,0.00
06:00 - 06:59 pm,42,,10.00,0.24,,10.00,22,0.00,,0.00,52,0,0.00
07:00 - 07:59 pm,22,,19.99,0.91,,19.99,12,0.00,,0.00,55,0,0.00
08:00 - 08:59 pm,6,,0.00,0.00,,0.00,3,0.00,,0.00,50,0,0.00
09:00 - 09:59 pm,0,,0.00,0.00,,0.00,0,0.00,,0.00,0,0,0.00
10:00 - 10:59 pm,0,,0.00,0.00,,0.00,0,0.00,,0.00,0,0,0.00
11:00 - 11:59 pm,0,,0.00,0.00,,0.00,0,0.00,,0.00,0,0,0.00
08/26/2025,,,,,,,,,,,,,
00:00 - 00:59 am,0,,0.00,0.00,,0.00,0,0.00,,0.00,0,0,0.00
01:00 - 01:59 am,0,,0.00,0.00,,0.00,0,0.00,,0.00,0,0,0.00
02:00 - 02:59 am,0,,0.00,0.00,,0.00,0,0.00,,0.00,0,0,0.00
03:00 - 03:59 am,0,,0.00,0.00,,0.00,0,0.00,,0.00,0,0,0.00
04:00 - 04:59 am,0,,"3,110.31",0.00,,"3,110.31",0,0.00,,0.00,0,0,0.00
05:00 - 05:59 am,0,,0.00,0.00,,0.00,0,0.00,,0.00,0,0,0.00
06:00 - 06:59 am,1,,0.00,0.00,,0.00,0,0.00,,0.00,0,0,0.00
07:00 - 07:59 am,6,,2.69,0.45,,0.00,2,0.00,,0.00,33,1,2.69
08:00 - 08:59 am,8,,9.29,1.16,,(2.00),11,10.00,,1.25,138,1,1.29
09:00 - 09:59 am,12,,84.99,7.08,,84.99,7,0.00,,0.00,58,0,0.00
10:00 - 10:59 am,18,,68.99,3.83,,68.99,10,0.00,,0.00,56,0,0.00
11:00 - 11:59 am,22,,45.00,2.05,,45.00,9,0.00,,0.00,41,0,0.00
12:00 - 12:59 pm,18,,17.00,0.94,,17.00,6,0.00,,0.00,33,0,0.00
01:00 - 01:59 pm,15,,36.99,2.47,,0.00,12,36.99,,2.47,80,0,0.00
02:00 - 02:59 pm,25,,32.69,1.31,,30.00,12,0.00,,0.00,48,1,2.69
03:00 - 03:59 pm,9,,19.99,2.22,,19.99,3,0.00,,0.00,33,0,0.00
04:00 - 04:59 pm,6,,12.00,2.00,,11.00,4,0.00,,0.00,67,1,1.00
05:00 - 05:59 pm,6,,0.00,0.00,,0.00,5,0.00,,0.00,83,0,0.00
06:00 - 06:59 pm,14,,0.00,0.00,,0.00,8,0.00,,0.00,57,0,0.00
07:00 - 07:59 pm,15,,0.00,0.00,,0.00,10,0.00,,0.00,67,0,0.00
08:00 - 08:59 pm,4,,0.00,0.00,,0.00,5,0.00,,0.00,125,0,0.00
09:00 - 09:59 pm,0,,0.00,0.00,,0.00,0,0.00,,0.00,0,0,0.00
10:00 - 10:59 pm,0,,0.00,0.00,,0.00,0,0.00,,0.00,0,0,0.00
11:00 - 11:59 pm,0,,0.00,0.00,,0.00,0,0.00,,0.00,0,0,0.00
08/27/2025,,,,,,,,,,,,,
00:00 - 00:59 am,0,,0.00,0.00,,0.00,0,0.00,,0.00,0,0,0.00
01:00 - 01:59 am,0,,0.00,0.00,,0.00,0,0.00,,0.00,0,0,0.00
02:00 - 02:59 am,1,,0.00,0.00,,0.00,0,0.00,,0.00,0,0,0.00
03:00 - 03:59 am,0,,0.00,0.00,,0.00,0,0.00,,0.00,0,0,0.00
04:00 - 04:59 am,0,,"2,816.49",0.00,,"2,816.49",0,0.00,,0.00,0,0,0.00
05:00 - 05:59 am,0,,0.00,0.00,,0.00,0,0.00,,0.00,0,0,0.00
06:00 - 06:59 am,1,,0.00,0.00,,0.00,0,0.00,,0.00,0,0,0.00
07:00 - 07:59 am,5,,0.00,0.00,,0.00,8,0.00,,0.00,160,0,0.00
08:00 - 08:59 am,11,,2.79,0.25,,0.00,11,0.00,,0.00,100,1,2.79
09:00 - 09:59 am,9,,0.00,0.00,,0.00,10,0.00,,0.00,111,0,0.00
10:00 - 10:59 am,17,,48.99,2.88,,48.99,9,0.00,,0.00,53,0,0.00
11:00 - 11:59 am,19,,37.00,1.95,,17.00,16,20.00,,1.05,84,0,0.00
12:00 - 12:59 pm,23,,35.77,1.56,,(41.00),9,73.98,,3.22,39,1,2.79
01:00 - 01:59 pm,32,,19.98,0.62,,19.98,16,0.00,,0.00,50,0,0.00
02:00 - 02:59 pm,19,,40.99,2.16,,40.99,4,0.00,,0.00,21,0,0.00
03:00 - 03:59 pm,26,,20.00,0.77,,20.00,12,0.00,,0.00,46,0,0.00
04:00 - 04:59 pm,30,,0.00,0.00,,0.00,22,0.00,,0.00,73,0,0.00
05:00 - 05:59 pm,19,,0.00,0.00,,0.00,9,0.00,,0.00,47,0,0.00
06:00 - 06:59 pm,21,,10.00,0.48,,10.00,13,0.00,,0.00,62,0,0.00
07:00 - 07:59 pm,21,,11.00,0.52,,11.00,11,0.00,,0.00,52,0,0.00
08:00 - 08:59 pm,9,,0.00,0.00,,0.00,15,0.00,,0.00,167,0,0.00
09:00 - 09:59 pm,0,,0.00,0.00,,0.00,0,0.00,,0.00,0,0,0.00
10:00 - 10:59 pm,0,,0.00,0.00,,0.00,0,0.00,,0.00,0,0,0.00
11:00 - 11:59 pm,0,,0.00,0.00,,0.00,0,0.00,,0.00,0,0,0.00
08/28/2025,,,,,,,,,,,,,
00:00 - 00:59 am,0,,0.00,0.00,,0.00,0,0.00,,0.00,0,0,0.00
01:00 - 01:59 am,0,,0.00,0.00,,0.00,0,0.00,,0.00,0,0,0.00
02:00 - 02:59 am,0,,0.00,0.00,,0.00,0,0.00,,0.00,0,0,0.00
03:00 - 03:59 am,0,,0.00,0.00,,0.00,0,0.00,,0.00,0,0,0.00
04:00 - 04:59 am,0,,"4,008.67",0.00,,"4,008.67",0,0.00,,0.00,0,0,0.00
05:00 - 05:59 am,0,,0.00,0.00,,0.00,0,0.00,,0.00,0,0,0.00
06:00 - 06:59 am,2,,0.00,0.00,,0.00,0,0.00,,0.00,0,0,0.00
07:00 - 07:59 am,24,,2.69,0.11,,0.00,16,0.00,,0.00,67,1,2.69
08:00 - 08:59 am,22,,36.79,1.67,,34.00,20,0.00,,0.00,91,1,2.79
09:00 - 09:59 am,48,,25.99,0.54,,(11.00),33,36.99,,0.77,69,0,0.00
10:00 - 10:59 am,38,,36.69,0.97,,34.00,24,0.00,,0.00,63,1,2.69
11:00 - 11:59 am,38,,39.00,1.03,,39.00,18,0.00,,0.00,47,0,0.00
12:00 - 12:59 pm,41,,18.99,0.46,,(18.00),24,36.99,,0.90,59,0,0.00
01:00 - 01:59 pm,31,,32.68,1.05,,(7.00),18,36.99,,1.19,58,1,2.69
02:00 - 02:59 pm,25,,34.00,1.36,,34.00,15,0.00,,0.00,60,0,0.00
03:00 - 03:59 pm,36,,27.28,0.76,,22.00,17,0.00,,0.00,47,2,5.28
04:00 - 04:59 pm,33,,94.97,2.88,,57.98,28,36.99,,1.12,85,0,0.00
05:00 - 05:59 pm,30,,39.00,1.30,,39.00,23,0.00,,0.00,77,0,0.00
06:00 - 06:59 pm,37,,29.00,0.78,,29.00,36,0.00,,0.00,97,0,0.00
07:00 - 07:59 pm,17,,0.00,0.00,,0.00,15,0.00,,0.00,88,0,0.00
08:00 - 08:59 pm,8,,0.00,0.00,,0.00,9,0.00,,0.00,113,0,0.00
09:00 - 09:59 pm,1,,0.00,0.00,,0.00,1,0.00,,0.00,100,0,0.00
10:00 - 10:59 pm,0,,0.00,0.00,,0.00,0,0.00,,0.00,0,0,0.00
11:00 - 11:59 pm,0,,0.00,0.00,,0.00,0,0.00,,0.00,0,0,0.00
08/29/2025,,,,,,,,,,,,,
00:00 - 00:59 am,0,,0.00,0.00,,0.00,0,0.00,,0.00,0,0,0.00
01:00 - 01:59 am,0,,0.00,0.00,,0.00,0,0.00,,0.00,0,0,0.00
02:00 - 02:59 am,0,,0.00,0.00,,0.00,0,0.00,,0.00,0,0,0.00
03:00 - 03:59 am,0,,0.00,0.00,,0.00,0,0.00,,0.00,0,0,0.00
04:00 - 04:59 am,0,,"3,258.66",0.00,,"3,258.66",0,0.00,,0.00,0,0,0.00
05:00 - 05:59 am,0,,0.00,0.00,,0.00,0,0.00,,0.00,0,0,0.00
06:00 - 06:59 am,1,,0.00,0.00,,0.00,2,0.00,,0.00,200,0,0.00
07:00 - 07:59 am,13,,17.00,1.31,,17.00,12,0.00,,0.00,92,0,0.00
08:00 - 08:59 am,22,,27.00,1.23,,27.00,20,0.00,,0.00,91,0,0.00
09:00 - 09:59 am,28,,11.00,0.39,,11.00,18,0.00,,0.00,64,0,0.00
10:00 - 10:59 am,26,,27.99,1.08,,(9.00),20,36.99,,1.42,77,0,0.00
11:00 - 11:59 am,33,,116.98,3.54,,43.00,17,73.98,,2.24,52,0,0.00
12:00 - 12:59 pm,38,,61.00,1.61,,61.00,32,0.00,,0.00,84,0,0.00
01:00 - 01:59 pm,28,,47.99,1.71,,11.00,18,36.99,,1.32,64,0,0.00
02:00 - 02:59 pm,39,,97.98,2.51,,14.00,30,83.98,,2.15,77,0,0.00
03:00 - 03:59 pm,42,,71.00,1.69,,71.00,27,0.00,,0.00,64,0,0.00
04:00 - 04:59 pm,30,,33.00,1.10,,33.00,14,0.00,,0.00,47,0,0.00
05:00 - 05:59 pm,24,,10.00,0.42,,10.00,16,0.00,,0.00,67,0,0.00
06:00 - 06:59 pm,27,,19.99,0.74,,19.99,15,0.00,,0.00,56,0,0.00
07:00 - 07:59 pm,19,,11.00,0.58,,11.00,7,0.00,,0.00,37,0,0.00
08:00 - 08:59 pm,4,,29.00,7.25,,29.00,2,0.00,,0.00,50,0,0.00
09:00 - 09:59 pm,0,,0.00,0.00,,0.00,0,0.00,,0.00,0,0,0.00
10:00 - 10:59 pm,0,,0.00,0.00,,0.00,0,0.00,,0.00,0,0,0.00
11:00 - 11:59 pm,0,,0.00,0.00,,0.00,0,0.00,,0.00,0,0,0.00
08/30/2025,,,,,,,,,,,,,
00:00 - 00:59 am,0,,0.00,0.00,,0.00,0,0.00,,0.00,0,0,0.00
01:00 - 01:59 am,0,,0.00,0.00,,0.00,0,0.00,,0.00,0,0,0.00
02:00 - 02:59 am,0,,0.00,0.00,,0.00,0,0.00,,0.00,0,0,0.00
03:00 - 03:59 am,0,,0.00,0.00,,0.00,0,0.00,,0.00,0,0,0.00
04:00 - 04:59 am,0,,"2,544.16",0.00,,"2,544.16",0,0.00,,0.00,0,0,0.00
05:00 - 05:59 am,0,,0.00,0.00,,0.00,0,0.00,,0.00,0,0,0.00
06:00 - 06:59 am,1,,0.00,0.00,,0.00,0,0.00,,0.00,0,0,0.00
07:00 - 07:59 am,12,,40.00,3.33,,40.00,6,0.00,,0.00,50,0,0.00
08:00 - 08:59 am,26,,56.00,2.15,,56.00,13,0.00,,0.00,50,0,0.00
09:00 - 09:59 am,44,,51.00,1.16,,51.00,24,0.00,,0.00,55,0,0.00
10:00 - 10:59 am,43,,78.00,1.81,,78.00,30,0.00,,0.00,70,0,0.00
11:00 - 11:59 am,53,,111.94,2.11,,74.95,34,36.99,,0.70,64,0,0.00
12:00 - 12:59 pm,50,,165.99,3.32,,165.99,29,0.00,,0.00,58,0,0.00
01:00 - 01:59 pm,45,,153.94,3.42,,116.95,20,36.99,,0.82,44,0,0.00
02:00 - 02:59 pm,50,,162.98,3.26,,89.00,21,73.98,,1.48,42,0,0.00
03:00 - 03:59 pm,46,,122.68,2.67,,83.00,19,36.99,,0.80,41,1,2.69
04:00 - 04:59 pm,34,,61.00,1.79,,61.00,28,0.00,,0.00,82,0,0.00
05:00 - 05:59 pm,32,,60.00,1.88,,50.00,14,10.00,,0.31,44,0,0.00
06:00 - 06:59 pm,37,,85.99,2.32,,85.99,19,0.00,,0.00,51,0,0.00
07:00 - 07:59 pm,23,,52.00,2.26,,52.00,11,0.00,,0.00,48,0,0.00
08:00 - 08:59 pm,15,,11.00,0.73,,11.00,7,0.00,,0.00,47,0,0.00
09:00 - 09:59 pm,0,,0.00,0.00,,0.00,0,0.00,,0.00,0,0,0.00
10:00 - 10:59 pm,0,,0.00,0.00,,0.00,0,0.00,,0.00,0,0,0.00
11:00 - 11:59 pm,0,,0.00,0.00,,0.00,0,0.00,,0.00,0,0,0.00
